-- phpMyAdmin SQL Dump
-- version 5.0.4deb2+deb11u2
-- https://www.phpmyadmin.net/
--
-- Servidor: localhost:3306
-- Tiempo de generación: 25-10-2025 a las 00:41:45
-- Versión del servidor: 10.5.29-MariaDB-0+deb11u1
-- Versión de PHP: 7.4.33

SET SQL_MODE = "NO_AUTO_VALUE_ON_ZERO";
START TRANSACTION;
SET time_zone = "+00:00";


/*!40101 SET @OLD_CHARACTER_SET_CLIENT=@@CHARACTER_SET_CLIENT */;
/*!40101 SET @OLD_CHARACTER_SET_RESULTS=@@CHARACTER_SET_RESULTS */;
/*!40101 SET @OLD_COLLATION_CONNECTION=@@COLLATION_CONNECTION */;
/*!40101 SET NAMES utf8mb4 */;

--
-- Base de datos: `bingx_lite`
--

-- --------------------------------------------------------

--
-- Estructura de tabla para la tabla `api_keys`
--

CREATE TABLE `api_keys` (
  `id` int(11) NOT NULL,
  `user_id` int(11) NOT NULL,
  `api_key` varchar(255) NOT NULL,
  `api_secret` varchar(255) NOT NULL,
  `created_at` datetime NOT NULL DEFAULT current_timestamp(),
  `updated_at` datetime DEFAULT NULL ON UPDATE current_timestamp()
) ENGINE=InnoDB DEFAULT CHARSET=utf8mb4 COLLATE=utf8mb4_general_ci;

--
-- Volcado de datos para la tabla `api_keys`
--

INSERT INTO `api_keys` (`id`, `user_id`, `api_key`, `api_secret`, `created_at`, `updated_at`) VALUES
(1, 1, 'mlTNwZLYS5qb0ojsPMUxym78kboX5ekCAYLUcUrPrr2kYrSpbP6DRTEDDkQcLMT9C8cNEcqjUdlI0zyA794Q', 'vsk1FT5W2ZOUNmkHyO3B8OlvPXMlVefAJ4Vqt1PPtK2oGZq50on8g1XFBMBcEnhAPtVLiNBM5MaDxmdMWImHIg', '2025-04-01 23:32:18', NULL),
(2, 1, 'mlTNwZLYS5qb0ojsPMUxym78kboX5ekCAYLUcUrPrr2kYrSpbP6DRTEDDkQcLMT9C8cNEcqjUdlI0zyA794Q', 'vsk1FT5W2ZOUNmkHyO3B8OlvPXMlVefAJ4Vqt1PPtK2oGZq50on8g1XFBMBcEnhAPtVLiNBM5MaDxmdMWImHIg', '2025-04-01 23:32:34', NULL);

-- --------------------------------------------------------

--
-- Estructura de tabla para la tabla `available_tickers`
--

CREATE TABLE `available_tickers` (
  `symbol` varchar(20) NOT NULL,
  `name` varchar(100) NOT NULL,
  `display_decimals` tinyint(3) UNSIGNED NOT NULL DEFAULT 5 COMMENT 'Number of decimal places to display prices (e.g., 5 for EURUSD, 3 for XAUUSD, 1 for US500)',
  `active` tinyint(1) NOT NULL DEFAULT 1,
  `created_at` datetime NOT NULL DEFAULT current_timestamp(),
  `updated_at` datetime DEFAULT NULL ON UPDATE current_timestamp()
) ENGINE=InnoDB DEFAULT CHARSET=utf8mb4 COLLATE=utf8mb4_general_ci;

--
-- Volcado de datos para la tabla `available_tickers`
--

INSERT INTO `available_tickers` (`symbol`, `name`, `display_decimals`, `active`, `created_at`, `updated_at`) VALUES
('BTCUSD', 'Bitcoin / US Dollar', 0, 1, '2025-09-03 00:56:26', '2025-10-09 00:46:39'),
('CL', 'NYMEX:CL1! - Futuros de Crudo Ligero', 3, 1, '2025-09-03 00:58:15', '2025-10-09 00:46:39'),
('ES', 'ES1! - Futuros S&P 500', 1, 1, '2025-09-03 01:01:45', '2025-10-09 00:46:39'),
('EURUSD', 'Euro/US Dollar', 5, 1, '2025-09-03 00:48:21', NULL),
('GC', 'COMEX:GC1! - Futuros de Oro', 3, 1, '2025-09-03 00:58:01', '2025-10-09 00:46:39'),
('NQ', 'NQ1! - Futuros NASDAQ 100', 1, 1, '2025-09-03 01:02:26', '2025-10-09 00:46:39'),
('RTY', 'RTY1! - Futuros Russell 2000', 3, 1, '2025-09-03 01:03:02', '2025-10-09 00:46:39'),
('USDBRL', 'US Dollar / Brazilean Real', 5, 1, '2025-09-03 00:57:15', NULL),
('VIX', 'TVC:VIX', 1, 1, '2025-09-03 01:01:21', '2025-10-09 00:46:39'),
('ZS', 'CBOT:ZS1! - Futuros de Soja', 3, 1, '2025-09-03 00:57:47', '2025-10-09 00:46:39');

-- --------------------------------------------------------

--
-- Estructura de tabla para la tabla `mt_signals`
--

CREATE TABLE `mt_signals` (
  `id` int(11) NOT NULL,
  `user_id` int(11) NOT NULL,
  `strategy_id` int(11) NOT NULL,
  `signal_data` longtext CHARACTER SET utf8mb4 COLLATE utf8mb4_bin NOT NULL CHECK (json_valid(`signal_data`)),
  `status` enum('pending','processing','processed','failed') DEFAULT 'pending',
  `created_at` datetime DEFAULT current_timestamp(),
  `processed_at` datetime DEFAULT NULL,
  `ea_response` text DEFAULT NULL
) ENGINE=InnoDB DEFAULT CHARSET=utf8mb4 COLLATE=utf8mb4_general_ci;

-- --------------------------------------------------------

--
-- Estructura de tabla para la tabla `strategies`
--

CREATE TABLE `strategies` (
  `id` int(11) NOT NULL,
  `user_id` int(11) NOT NULL,
  `strategy_id` varchar(50) NOT NULL,
  `name` varchar(100) NOT NULL,
  `type` enum('spot','futures','forex','indices','commodities') NOT NULL,
  `platform` enum('bingx','metatrader') NOT NULL DEFAULT 'bingx',
  `description` text DEFAULT NULL,
  `image` varchar(255) DEFAULT NULL,
  `active` tinyint(1) NOT NULL DEFAULT 1,
  `created_at` datetime NOT NULL DEFAULT current_timestamp(),
  `updated_at` datetime DEFAULT NULL ON UPDATE current_timestamp()
) ENGINE=InnoDB DEFAULT CHARSET=utf8mb4 COLLATE=utf8mb4_general_ci;

--
-- Volcado de datos para la tabla `strategies`
--

INSERT INTO `strategies` (`id`, `user_id`, `strategy_id`, `name`, `type`, `platform`, `description`, `image`, `active`, `created_at`, `updated_at`) VALUES
(1, 1, 'BTC_H1_RSI', 'Estrategia Bitcoin RSI en H1 - SHORT Estructural', 'spot', 'bingx', '', 'f6f06595be174ca88fc3b46ad9e9cf45.jpg', 0, '2025-04-01 23:51:23', '2025-05-10 16:41:04'),
(2, 1, 'FUT_BTC_H1_TREND_ALIGNED_RSI', 'BTC H1 RSI Trend Aligned', 'futures', 'bingx', '', '8ea43fe06e0d7470cb57780964f434bb.jpg', 1, '2025-04-02 23:10:12', '2025-08-11 23:44:32'),
(3, 1, 'FUT_BTC_M15_TREND_ALIGNED_RSI', 'M15 RSI Trend Aligned & EMA Cross', 'futures', 'bingx', '', 'e7ace78da24ce8c22e585e09cc29b9be.jpg', 0, '2025-05-11 19:57:27', '2025-06-11 23:59:55'),
(4, 1, 'FUT_BTC_H1_GANN', 'BTC H1 Gann HiLo Strategy', 'futures', 'bingx', 'Gann HiLo Strategy for BTCUSDT - H1', '35d05f8b3053bfa4aa8fef8298f87d49.jpg', 1, '2025-06-11 23:59:25', '2025-08-09 00:46:11'),
(5, 1, 'FUT_BTC_H1_URSI_TREND', 'BTC H1 URSI Trend Aligned', 'futures', 'bingx', '', '43831fe5896a8032456b59db1b24010d.jpg', 0, '2025-06-24 07:08:21', '2025-08-18 17:02:08'),
(6, 1, 'FUT_ETH_H1_URSI_TREND', 'ETH H1 URSI Trend Aligned', 'futures', 'bingx', '', 'aae7cea0c0b50967e205431316e69f0a.jpg', 1, '2025-08-07 15:36:20', NULL),
(7, 1, 'FUT_ETH_H1_TREND_ALIGNED_RSI', 'ETH H1 RSI Trend Aligned', 'futures', 'bingx', '', '42324dae6346bdaf1e595d3c6551953f.jpg', 0, '2025-08-07 16:22:02', '2025-08-12 00:38:01'),
(8, 1, 'FUT_BTC_H1_TEMA_ST_OVER_MA', 'BTC H1 TEMA ST Channel Over MA', 'futures', 'bingx', '', '372515fa69de91287318b89b67e8e726.jpg', 1, '2025-08-09 00:51:25', '2025-08-22 23:25:51'),
(9, 1, 'FUT_ETH_H1_TEMA_SUPERTREND', 'ETH H1 TEMA Supertrend Channel Breakout', 'futures', 'bingx', '', '09200f5039304859782625c015ef83f6.jpg', 1, '2025-08-09 02:00:36', NULL),
(10, 1, 'FUT_ETH_H1_GANN', 'ETH H1 Gann HiLo Strategy', 'futures', 'bingx', '', '64a584745347b6cafcf8f3a47c2b03e5.jpg', 1, '2025-08-12 01:13:37', NULL),
(11, 1, 'FUT_BTC_H1_TEMA_ST_BELOW_MA', 'BTC H1 TEMA ST Channel Below MA', 'futures', 'bingx', '', '2de806ba0d020060f80c4076ea3e5233.jpg', 1, '2025-08-22 23:26:53', NULL);

-- --------------------------------------------------------

--
-- Estructura de tabla para la tabla `system_logs`
--

CREATE TABLE `system_logs` (
  `id` int(11) NOT NULL,
  `user_id` int(11) DEFAULT NULL,
  `action` varchar(100) NOT NULL,
  `description` text NOT NULL,
  `ip_address` varchar(45) DEFAULT NULL,
  `created_at` datetime NOT NULL DEFAULT current_timestamp()
) ENGINE=InnoDB DEFAULT CHARSET=utf8mb4 COLLATE=utf8mb4_general_ci;

-- --------------------------------------------------------

--
-- Estructura de tabla para la tabla `telegram_signals`
--

CREATE TABLE `telegram_signals` (
  `id` int(11) NOT NULL,
  `ticker_symbol` varchar(20) NOT NULL,
  `image_path` varchar(255) NOT NULL,
  `tradingview_url` text NOT NULL,
  `message_text` text DEFAULT NULL,
  `webhook_raw_data` text DEFAULT NULL,
  `created_at` datetime NOT NULL DEFAULT current_timestamp(),
  `updated_at` datetime DEFAULT NULL ON UPDATE current_timestamp(),
  `status` enum('pending','cropping','analyzing','completed','failed_crop','failed_analysis','failed_download') DEFAULT 'pending',
  `analysis_data` text DEFAULT NULL,
  `op_type` varchar(10) DEFAULT NULL
) ENGINE=InnoDB DEFAULT CHARSET=utf8mb4 COLLATE=utf8mb4_general_ci;

--
-- Volcado de datos para la tabla `telegram_signals`
--

INSERT INTO `telegram_signals` (`id`, `ticker_symbol`, `image_path`, `tradingview_url`, `message_text`, `webhook_raw_data`, `created_at`, `updated_at`, `status`, `analysis_data`, `op_type`) VALUES
(1, 'EURUSD', 'uploads/trades/2025-10-14_EURUSD.png', 'https://www.tradingview.com/x/zq9CnwcR/', 'Sentimiento #EURUSD https://www.tradingview.com/x/zq9CnwcR/', '{\"update_id\":474205092,\n\"message\":{\"message_id\":112633,\"from\":{\"id\":603500055,\"is_bot\":false,\"first_name\":\"Favio\",\"last_name\":\"Schneeberger\",\"username\":\"FavioSchneeberger\"},\"chat\":{\"id\":-1001196812259,\"title\":\"AT VIP Canal\",\"type\":\"supergroup\"},\"date\":1760442979,\"text\":\"Sentimiento #EURUSD https://www.tradingview.com/x/zq9CnwcR/\",\"entities\":[{\"offset\":12,\"length\":7,\"type\":\"hashtag\"},{\"offset\":20,\"length\":39,\"type\":\"url\"}],\"link_preview_options\":{\"url\":\"https://www.tradingview.com/x/zq9CnwcR/\"}}}', '2025-10-14 08:56:20', '2025-10-14 08:56:25', 'completed', '{\"op_type\":\"LONG\",\"stoploss\":[1.14798,1.15038],\"entry\":1.15204,\"tps\":[1.15311,1.15393,1.15476,1.15571,1.15669]}', 'LONG'),
(2, 'USDBRL', 'uploads/trades/2025-10-14_USDBRL.png', 'https://www.tradingview.com/x/hL589ftF/', 'Sentimiento #USDBRL https://www.tradingview.com/x/hL589ftF/', '{\"update_id\":474205094,\n\"message\":{\"message_id\":112635,\"from\":{\"id\":603500055,\"is_bot\":false,\"first_name\":\"Favio\",\"last_name\":\"Schneeberger\",\"username\":\"FavioSchneeberger\"},\"chat\":{\"id\":-1001196812259,\"title\":\"AT VIP Canal\",\"type\":\"supergroup\"},\"date\":1760443194,\"text\":\"Sentimiento #USDBRL https://www.tradingview.com/x/hL589ftF/\",\"entities\":[{\"offset\":12,\"length\":7,\"type\":\"hashtag\"},{\"offset\":20,\"length\":39,\"type\":\"url\"}],\"link_preview_options\":{\"url\":\"https://www.tradingview.com/x/hL589ftF/\"}}}', '2025-10-14 08:59:55', '2025-10-14 09:00:00', 'completed', '{\"op_type\":\"LONG\",\"stoploss\":[5.4018,5.4238],\"entry\":5.4434,\"tps\":[5.4514,5.4596,5.4677,5.4757,5.4855]}', 'LONG'),
(3, 'GC', 'uploads/trades/2025-10-14_GC.png', 'https://www.tradingview.com/x/PoLdgxht/', 'Sentimiento #GC https://www.tradingview.com/x/PoLdgxht/', '{\"update_id\":474205097,\n\"message\":{\"message_id\":112638,\"from\":{\"id\":603500055,\"is_bot\":false,\"first_name\":\"Favio\",\"last_name\":\"Schneeberger\",\"username\":\"FavioSchneeberger\"},\"chat\":{\"id\":-1001196812259,\"title\":\"AT VIP Canal\",\"type\":\"supergroup\"},\"date\":1760443453,\"text\":\"Sentimiento #GC https://www.tradingview.com/x/PoLdgxht/\",\"entities\":[{\"offset\":12,\"length\":3,\"type\":\"hashtag\"},{\"offset\":16,\"length\":39,\"type\":\"url\"}],\"link_preview_options\":{\"url\":\"https://www.tradingview.com/x/PoLdgxht/\"}}}', '2025-10-14 09:04:14', '2025-10-14 09:04:18', 'completed', '{\"op_type\":\"SHORT\",\"stoploss\":[4215.5,4197.6],\"entry\":4188.3,\"tps\":[4170.8,4164.8,4158.1,4153.1,4147.4]}', 'SHORT'),
(4, 'CL', 'uploads/trades/2025-10-14_CL.png', 'https://www.tradingview.com/x/q7ZCiaYA/', 'Sentimiento #CL https://www.tradingview.com/x/q7ZCiaYA/', '{\"update_id\":474205099,\n\"message\":{\"message_id\":112640,\"from\":{\"id\":603500055,\"is_bot\":false,\"first_name\":\"Favio\",\"last_name\":\"Schneeberger\",\"username\":\"FavioSchneeberger\"},\"chat\":{\"id\":-1001196812259,\"title\":\"AT VIP Canal\",\"type\":\"supergroup\"},\"date\":1760443765,\"text\":\"Sentimiento #CL https://www.tradingview.com/x/q7ZCiaYA/\",\"entities\":[{\"offset\":12,\"length\":3,\"type\":\"hashtag\"},{\"offset\":16,\"length\":39,\"type\":\"url\"}],\"link_preview_options\":{\"url\":\"https://www.tradingview.com/x/q7ZCiaYA/\"}}}', '2025-10-14 09:09:27', '2025-10-14 09:09:31', 'completed', '{\"op_type\":\"LONG\",\"stoploss\":[56.31,56.57],\"entry\":57.31,\"tps\":[57.56,57.7,57.83,57.95,58.09]}', 'LONG'),
(5, 'ZS', 'uploads/trades/2025-10-14_ZS.png', 'https://www.tradingview.com/x/KvJRXM3V/', 'Sentimiento #ZS https://www.tradingview.com/x/KvJRXM3V/', '{\"update_id\":474205101,\n\"message\":{\"message_id\":112642,\"from\":{\"id\":603500055,\"is_bot\":false,\"first_name\":\"Favio\",\"last_name\":\"Schneeberger\",\"username\":\"FavioSchneeberger\"},\"chat\":{\"id\":-1001196812259,\"title\":\"AT VIP Canal\",\"type\":\"supergroup\"},\"date\":1760444089,\"text\":\"Sentimiento #ZS https://www.tradingview.com/x/KvJRXM3V/\",\"entities\":[{\"offset\":12,\"length\":3,\"type\":\"hashtag\"},{\"offset\":16,\"length\":39,\"type\":\"url\"}],\"link_preview_options\":{\"url\":\"https://www.tradingview.com/x/KvJRXM3V/\"}}}', '2025-10-14 09:14:50', '2025-10-14 09:14:55', 'completed', '{\"op_type\":\"LONG\",\"stoploss\":[9976,10006],\"entry\":10030,\"tps\":[10046,10062,10080,10102,10130]}', 'LONG'),
(6, 'VIX', 'uploads/trades/2025-10-14_VIX.png', 'https://www.tradingview.com/x/9VR8CEtm/', 'Sentimiento #VIX https://www.tradingview.com/x/9VR8CEtm/', '{\"update_id\":474205103,\n\"message\":{\"message_id\":112644,\"from\":{\"id\":603500055,\"is_bot\":false,\"first_name\":\"Favio\",\"last_name\":\"Schneeberger\",\"username\":\"FavioSchneeberger\"},\"chat\":{\"id\":-1001196812259,\"title\":\"AT VIP Canal\",\"type\":\"supergroup\"},\"date\":1760444354,\"text\":\"Sentimiento #VIX https://www.tradingview.com/x/9VR8CEtm/\",\"entities\":[{\"offset\":12,\"length\":4,\"type\":\"hashtag\"},{\"offset\":17,\"length\":39,\"type\":\"url\"}],\"link_preview_options\":{\"url\":\"https://www.tradingview.com/x/9VR8CEtm/\"}}}', '2025-10-14 09:19:16', '2025-10-14 09:19:20', 'completed', '{\"op_type\":\"SHORT\",\"stoploss\":[23.07,22.79],\"entry\":22.52,\"tps\":[22.33,22.1,21.86,21.55,20.64]}', 'SHORT'),
(7, 'ES', 'uploads/trades/2025-10-14_ES.png', 'https://www.tradingview.com/x/M9iXW3PT/', 'Sentimiento #ES https://www.tradingview.com/x/M9iXW3PT/', '{\"update_id\":474205105,\n\"message\":{\"message_id\":112646,\"from\":{\"id\":603500055,\"is_bot\":false,\"first_name\":\"Favio\",\"last_name\":\"Schneeberger\",\"username\":\"FavioSchneeberger\"},\"chat\":{\"id\":-1001196812259,\"title\":\"AT VIP Canal\",\"type\":\"supergroup\"},\"date\":1760444598,\"text\":\"Sentimiento #ES https://www.tradingview.com/x/M9iXW3PT/\",\"entities\":[{\"offset\":12,\"length\":3,\"type\":\"hashtag\"},{\"offset\":16,\"length\":39,\"type\":\"url\"}],\"link_preview_options\":{\"url\":\"https://www.tradingview.com/x/M9iXW3PT/\"}}}', '2025-10-14 09:23:20', '2025-10-14 09:23:24', 'completed', '{\"op_type\":\"LONG\",\"stoploss\":[6615.25,6627.5],\"entry\":6633.75,\"tps\":[6640.5,6646.75,6654.25,6663.25,6672.25]}', 'LONG'),
(8, 'NQ', 'uploads/trades/2025-10-14_NQ.png', 'https://www.tradingview.com/x/UM0P4j1z/', 'Sentimiento #NQ https://www.tradingview.com/x/UM0P4j1z/', '{\"update_id\":474205106,\n\"message\":{\"message_id\":112647,\"from\":{\"id\":603500055,\"is_bot\":false,\"first_name\":\"Favio\",\"last_name\":\"Schneeberger\",\"username\":\"FavioSchneeberger\"},\"chat\":{\"id\":-1001196812259,\"title\":\"AT VIP Canal\",\"type\":\"supergroup\"},\"date\":1760444735,\"text\":\"Sentimiento #NQ https://www.tradingview.com/x/UM0P4j1z/\",\"entities\":[{\"offset\":12,\"length\":3,\"type\":\"hashtag\"},{\"offset\":16,\"length\":39,\"type\":\"url\"}],\"link_preview_options\":{\"url\":\"https://www.tradingview.com/x/UM0P4j1z/\"}}}', '2025-10-14 09:25:37', '2025-10-14 09:25:41', 'completed', '{\"op_type\":\"LONG\",\"stoploss\":[24481.75,24595.75],\"entry\":24634.75,\"tps\":[24669.25,24708,24739.25,24781.5,24854.5]}', 'LONG'),
(9, 'RTY', 'uploads/trades/2025-10-14_RTY.png', 'https://www.tradingview.com/x/gL1oMC03/', 'Sentimiento #RTY https://www.tradingview.com/x/gL1oMC03/', '{\"update_id\":474205107,\n\"message\":{\"message_id\":112648,\"from\":{\"id\":603500055,\"is_bot\":false,\"first_name\":\"Favio\",\"last_name\":\"Schneeberger\",\"username\":\"FavioSchneeberger\"},\"chat\":{\"id\":-1001196812259,\"title\":\"AT VIP Canal\",\"type\":\"supergroup\"},\"date\":1760444894,\"text\":\"Sentimiento #RTY https://www.tradingview.com/x/gL1oMC03/\",\"entities\":[{\"offset\":12,\"length\":4,\"type\":\"hashtag\"},{\"offset\":17,\"length\":39,\"type\":\"url\"}],\"link_preview_options\":{\"url\":\"https://www.tradingview.com/x/gL1oMC03/\"}}}', '2025-10-14 09:28:15', '2025-10-14 09:28:19', 'completed', '{\"op_type\":\"LONG\",\"stoploss\":[2431.7,2441.3],\"entry\":2447.1,\"tps\":[2451.3,2456,2461.2,2466.4,2475.3]}', 'LONG'),
(10, 'BTCUSD', 'uploads/trades/2025-10-14_BTCUSD.png', 'https://www.tradingview.com/x/IYHxudkG/', 'Sentimiento #BTCusd (m45) https://www.tradingview.com/x/IYHxudkG/', '{\"update_id\":474205114,\n\"message\":{\"message_id\":112655,\"from\":{\"id\":603500055,\"is_bot\":false,\"first_name\":\"Favio\",\"last_name\":\"Schneeberger\",\"username\":\"FavioSchneeberger\"},\"chat\":{\"id\":-1001196812259,\"title\":\"AT VIP Canal\",\"type\":\"supergroup\"},\"date\":1760445687,\"text\":\"Sentimiento #BTCusd (m45) https://www.tradingview.com/x/IYHxudkG/\",\"entities\":[{\"offset\":12,\"length\":7,\"type\":\"hashtag\"},{\"offset\":26,\"length\":39,\"type\":\"url\"}],\"link_preview_options\":{\"url\":\"https://www.tradingview.com/x/IYHxudkG/\"}}}', '2025-10-14 09:41:28', '2025-10-14 09:41:43', 'completed', '{\"op_type\":\"LONG\",\"stoploss\":[108.82,110.16],\"entry\":111.009,\"tps\":[111.525,111.996,112.447,112.862,113.705]}', 'LONG'),
(11, 'EURUSD', 'uploads/trades/2025-10-15_EURUSD.png', 'https://www.tradingview.com/x/cgwf3jzM/', 'Sentimiento #EURUSD https://www.tradingview.com/x/cgwf3jzM/', '{\"update_id\":474205197,\n\"message\":{\"message_id\":112737,\"from\":{\"id\":603500055,\"is_bot\":false,\"first_name\":\"Favio\",\"last_name\":\"Schneeberger\",\"username\":\"FavioSchneeberger\"},\"chat\":{\"id\":-1001196812259,\"title\":\"AT VIP Canal\",\"type\":\"supergroup\"},\"date\":1760528386,\"text\":\"Sentimiento #EURUSD https://www.tradingview.com/x/cgwf3jzM/\",\"entities\":[{\"offset\":12,\"length\":7,\"type\":\"hashtag\"},{\"offset\":20,\"length\":39,\"type\":\"url\"}],\"link_preview_options\":{\"url\":\"https://www.tradingview.com/x/cgwf3jzM/\"}}}', '2025-10-15 08:39:47', '2025-10-15 08:39:51', 'completed', '{\"op_type\":\"SHORT\",\"stoploss\":[1.17113,1.16869],\"entry\":1.16603,\"tps\":[1.16519,1.16421,1.16328,1.16246,1.16053]}', 'SHORT'),
(12, 'USDBRL', 'uploads/trades/2025-10-15_USDBRL.png', 'https://www.tradingview.com/x/hCI3oFfv/', 'Sentimiento #USDBRL https://www.tradingview.com/x/hCI3oFfv/', '{\"update_id\":474205199,\n\"message\":{\"message_id\":112739,\"from\":{\"id\":603500055,\"is_bot\":false,\"first_name\":\"Favio\",\"last_name\":\"Schneeberger\",\"username\":\"FavioSchneeberger\"},\"chat\":{\"id\":-1001196812259,\"title\":\"AT VIP Canal\",\"type\":\"supergroup\"},\"date\":1760528631,\"text\":\"Sentimiento #USDBRL https://www.tradingview.com/x/hCI3oFfv/\",\"entities\":[{\"offset\":12,\"length\":7,\"type\":\"hashtag\"},{\"offset\":20,\"length\":39,\"type\":\"url\"}],\"link_preview_options\":{\"url\":\"https://www.tradingview.com/x/hCI3oFfv/\"}}}', '2025-10-15 08:43:53', '2025-10-15 08:43:56', 'completed', '{\"op_type\":\"SHORT\",\"stoploss\":[5.5314,5.5137],\"entry\":5.5038,\"tps\":[5.4957,5.4877,5.4794,5.4714,5.4516]}', 'SHORT'),
(13, 'ES', 'uploads/trades/2025-10-15_ES.png', 'https://www.tradingview.com/x/u3t4AqFu/', 'Sentimiento #ES https://www.tradingview.com/x/u3t4AqFu/', '{\"update_id\":474205202,\n\"message\":{\"message_id\":112742,\"from\":{\"id\":603500055,\"is_bot\":false,\"first_name\":\"Favio\",\"last_name\":\"Schneeberger\",\"username\":\"FavioSchneeberger\"},\"chat\":{\"id\":-1001196812259,\"title\":\"AT VIP Canal\",\"type\":\"supergroup\"},\"date\":1760529054,\"text\":\"Sentimiento #ES https://www.tradingview.com/x/u3t4AqFu/\",\"entities\":[{\"offset\":12,\"length\":3,\"type\":\"hashtag\"},{\"offset\":16,\"length\":39,\"type\":\"url\"}],\"link_preview_options\":{\"url\":\"https://www.tradingview.com/x/u3t4AqFu/\"}}}', '2025-10-15 08:50:55', '2025-10-15 08:50:59', 'completed', '{\"op_type\":\"LONG\",\"stoploss\":[6706.25,6722.5],\"entry\":6729,\"tps\":[6735.75,6742,6749.5,6758.75,6768]}', 'LONG'),
(14, 'NQ', 'uploads/trades/2025-10-15_NQ.png', 'https://www.tradingview.com/x/uGgYiGBv/', 'Sentimiento #NQ https://www.tradingview.com/x/uGgYiGBv/', '{\"update_id\":474205203,\n\"message\":{\"message_id\":112743,\"from\":{\"id\":603500055,\"is_bot\":false,\"first_name\":\"Favio\",\"last_name\":\"Schneeberger\",\"username\":\"FavioSchneeberger\"},\"chat\":{\"id\":-1001196812259,\"title\":\"AT VIP Canal\",\"type\":\"supergroup\"},\"date\":1760529127,\"text\":\"Sentimiento #NQ https://www.tradingview.com/x/uGgYiGBv/\",\"entities\":[{\"offset\":12,\"length\":3,\"type\":\"hashtag\"},{\"offset\":16,\"length\":39,\"type\":\"url\"}],\"link_preview_options\":{\"url\":\"https://www.tradingview.com/x/uGgYiGBv/\"}}}', '2025-10-15 08:52:08', '2025-10-15 08:52:12', 'completed', '{\"op_type\":\"LONG\",\"stoploss\":[24808.25,24923.75],\"entry\":24969.25,\"tps\":[24998.25,25037.5,25069.25,25112,25186]}', 'LONG'),
(15, 'RTY', 'uploads/trades/2025-10-15_RTY.png', 'https://www.tradingview.com/x/FDl9MonS/', 'Sentimiento #RTY https://www.tradingview.com/x/FDl9MonS/', '{\"update_id\":474205204,\n\"message\":{\"message_id\":112744,\"from\":{\"id\":603500055,\"is_bot\":false,\"first_name\":\"Favio\",\"last_name\":\"Schneeberger\",\"username\":\"FavioSchneeberger\"},\"chat\":{\"id\":-1001196812259,\"title\":\"AT VIP Canal\",\"type\":\"supergroup\"},\"date\":1760529310,\"text\":\"Sentimiento #RTY https://www.tradingview.com/x/FDl9MonS/\",\"entities\":[{\"offset\":12,\"length\":4,\"type\":\"hashtag\"},{\"offset\":17,\"length\":39,\"type\":\"url\"}],\"link_preview_options\":{\"url\":\"https://www.tradingview.com/x/FDl9MonS/\"}}}', '2025-10-15 08:55:11', '2025-10-15 08:55:16', 'completed', '{\"op_type\":\"LONG\",\"stoploss\":[2519.4,2529.8],\"entry\":2535.3,\"tps\":[2539.7,2544.5,2550,2555.4,2564.5]}', 'LONG'),
(16, 'VIX', 'uploads/trades/2025-10-15_VIX.png', 'https://www.tradingview.com/x/tbpdgOts/', 'Sentimiento #VIX https://www.tradingview.com/x/tbpdgOts/', '{\"update_id\":474205206,\n\"message\":{\"message_id\":112746,\"from\":{\"id\":603500055,\"is_bot\":false,\"first_name\":\"Favio\",\"last_name\":\"Schneeberger\",\"username\":\"FavioSchneeberger\"},\"chat\":{\"id\":-1001196812259,\"title\":\"AT VIP Canal\",\"type\":\"supergroup\"},\"date\":1760529749,\"text\":\"Sentimiento #VIX https://www.tradingview.com/x/tbpdgOts/\",\"entities\":[{\"offset\":12,\"length\":4,\"type\":\"hashtag\"},{\"offset\":17,\"length\":39,\"type\":\"url\"}],\"link_preview_options\":{\"url\":\"https://www.tradingview.com/x/tbpdgOts/\"}}}', '2025-10-15 09:02:31', '2025-10-15 09:02:35', 'completed', '{\"op_type\":\"SHORT\",\"stoploss\":[20.2,19.72],\"entry\":19.48,\"tps\":[19.32,19.12,18.91,18.64,17.86]}', 'SHORT'),
(17, 'CL', 'uploads/trades/2025-10-15_CL.png', 'https://www.tradingview.com/x/n6tDlvr6/', 'Sentimiento #CL https://www.tradingview.com/x/n6tDlvr6/', '{\"update_id\":474205211,\n\"message\":{\"message_id\":112751,\"from\":{\"id\":603500055,\"is_bot\":false,\"first_name\":\"Favio\",\"last_name\":\"Schneeberger\",\"username\":\"FavioSchneeberger\"},\"chat\":{\"id\":-1001196812259,\"title\":\"AT VIP Canal\",\"type\":\"supergroup\"},\"date\":1760530339,\"text\":\"Sentimiento #CL https://www.tradingview.com/x/n6tDlvr6/\",\"entities\":[{\"offset\":12,\"length\":3,\"type\":\"hashtag\"},{\"offset\":16,\"length\":39,\"type\":\"url\"}],\"link_preview_options\":{\"url\":\"https://www.tradingview.com/x/n6tDlvr6/\"}}}', '2025-10-15 09:12:21', '2025-10-15 09:12:24', 'completed', '{\"op_type\":\"SHORT\",\"stoploss\":[59.78,59.56],\"entry\":59.37,\"tps\":[59.23,59.11,58.97,58.83,58.57]}', 'SHORT'),
(18, 'GC', 'uploads/trades/2025-10-15_GC.png', 'https://www.tradingview.com/x/2eaA0VTv/', 'Sentimiento #GC https://www.tradingview.com/x/2eaA0VTv/', '{\"update_id\":474205214,\n\"message\":{\"message_id\":112754,\"from\":{\"id\":603500055,\"is_bot\":false,\"first_name\":\"Favio\",\"last_name\":\"Schneeberger\",\"username\":\"FavioSchneeberger\"},\"chat\":{\"id\":-1001196812259,\"title\":\"AT VIP Canal\",\"type\":\"supergroup\"},\"date\":1760530613,\"text\":\"Sentimiento #GC https://www.tradingview.com/x/2eaA0VTv/\",\"entities\":[{\"offset\":12,\"length\":3,\"type\":\"hashtag\"},{\"offset\":16,\"length\":39,\"type\":\"url\"}],\"link_preview_options\":{\"url\":\"https://www.tradingview.com/x/2eaA0VTv/\"}}}', '2025-10-15 09:16:55', '2025-10-15 09:16:59', 'completed', '{\"op_type\":\"LONG\",\"stoploss\":[4176.8,4190.1],\"entry\":4198.4,\"tps\":[4204.3,4209.3,4216.1,4222.2,4239.9]}', 'LONG'),
(19, 'ZS', 'uploads/trades/2025-10-15_ZS.png', 'https://www.tradingview.com/x/dFOXAs1d/', 'Sentimiento #ZS https://www.tradingview.com/x/dFOXAs1d/', '{\"update_id\":474205217,\n\"message\":{\"message_id\":112757,\"from\":{\"id\":603500055,\"is_bot\":false,\"first_name\":\"Favio\",\"last_name\":\"Schneeberger\",\"username\":\"FavioSchneeberger\"},\"chat\":{\"id\":-1001196812259,\"title\":\"AT VIP Canal\",\"type\":\"supergroup\"},\"date\":1760531000,\"text\":\"Sentimiento #ZS https://www.tradingview.com/x/dFOXAs1d/\",\"entities\":[{\"offset\":12,\"length\":3,\"type\":\"hashtag\"},{\"offset\":16,\"length\":39,\"type\":\"url\"}],\"link_preview_options\":{\"url\":\"https://www.tradingview.com/x/dFOXAs1d/\"}}}', '2025-10-15 09:23:21', '2025-10-15 09:23:25', 'completed', '{\"op_type\":\"LONG\",\"stoploss\":[9992,10022],\"entry\":10044,\"tps\":[10056,10072,10084,10100,10130]}', 'LONG'),
(20, 'BTCUSD', 'uploads/trades/2025-10-15_BTCUSD.png', 'https://www.tradingview.com/x/wgwxvtPG/', 'Sentimiento #BTCusd (M45) https://www.tradingview.com/x/wgwxvtPG/', '{\"update_id\":474205219,\n\"message\":{\"message_id\":112759,\"from\":{\"id\":603500055,\"is_bot\":false,\"first_name\":\"Favio\",\"last_name\":\"Schneeberger\",\"username\":\"FavioSchneeberger\"},\"chat\":{\"id\":-1001196812259,\"title\":\"AT VIP Canal\",\"type\":\"supergroup\"},\"date\":1760531429,\"text\":\"Sentimiento #BTCusd (M45) https://www.tradingview.com/x/wgwxvtPG/\",\"entities\":[{\"offset\":12,\"length\":7,\"type\":\"hashtag\"},{\"offset\":26,\"length\":39,\"type\":\"url\"}],\"link_preview_options\":{\"url\":\"https://www.tradingview.com/x/wgwxvtPG/\"}}}', '2025-10-15 09:30:31', '2025-10-15 09:30:35', 'completed', '{\"op_type\":\"LONG\",\"stoploss\":[109.486,110.834],\"entry\":111.549,\"tps\":[112.31,112.78,113.24,113.8,114.65]}', 'LONG'),
(21, 'EURUSD', 'uploads/trades/2025-10-16_EURUSD.png', 'https://www.tradingview.com/x/jyCERVws/', 'Sentimiento #EURUSD https://www.tradingview.com/x/jyCERVws/', '{\"update_id\":474205292,\n\"message\":{\"message_id\":112832,\"from\":{\"id\":603500055,\"is_bot\":false,\"first_name\":\"Favio\",\"last_name\":\"Schneeberger\",\"username\":\"FavioSchneeberger\"},\"chat\":{\"id\":-1001196812259,\"title\":\"AT VIP Canal\",\"type\":\"supergroup\"},\"date\":1760615216,\"text\":\"Sentimiento #EURUSD https://www.tradingview.com/x/jyCERVws/\",\"entities\":[{\"offset\":12,\"length\":7,\"type\":\"hashtag\"},{\"offset\":20,\"length\":39,\"type\":\"url\"}],\"link_preview_options\":{\"url\":\"https://www.tradingview.com/x/jyCERVws/\"}}}', '2025-10-16 08:46:58', '2025-10-16 08:47:02', 'completed', '{\"op_type\":\"LONG\",\"stoploss\":[1.16203,1.16405],\"entry\":1.16516,\"tps\":[1.16599,1.16692,1.1679,1.16875,1.17107]}', 'LONG'),
(22, 'USDBRL', 'uploads/trades/2025-10-16_USDBRL.png', 'https://www.tradingview.com/x/iR5cAto0/', 'Sentimiento #USDBRL https://www.tradingview.com/x/iR5cAto0/', '{\"update_id\":474205294,\n\"message\":{\"message_id\":112834,\"from\":{\"id\":603500055,\"is_bot\":false,\"first_name\":\"Favio\",\"last_name\":\"Schneeberger\",\"username\":\"FavioSchneeberger\"},\"chat\":{\"id\":-1001196812259,\"title\":\"AT VIP Canal\",\"type\":\"supergroup\"},\"date\":1760615589,\"text\":\"Sentimiento #USDBRL https://www.tradingview.com/x/iR5cAto0/\",\"entities\":[{\"offset\":12,\"length\":7,\"type\":\"hashtag\"},{\"offset\":20,\"length\":39,\"type\":\"url\"}],\"link_preview_options\":{\"url\":\"https://www.tradingview.com/x/iR5cAto0/\"}}}', '2025-10-16 08:53:11', '2025-10-16 08:53:14', 'completed', '{\"op_type\":\"SHORT\",\"stoploss\":[5.5006,5.4829],\"entry\":5.4731,\"tps\":[5.4651,5.457,5.4488,5.4408,5.4212]}', 'SHORT'),
(23, 'ZS', 'uploads/trades/2025-10-16_ZS.png', 'https://www.tradingview.com/x/NxhQ5AX2/', 'Sentimiento #ZS https://www.tradingview.com/x/NxhQ5AX2/', '{\"update_id\":474205297,\n\"message\":{\"message_id\":112837,\"from\":{\"id\":603500055,\"is_bot\":false,\"first_name\":\"Favio\",\"last_name\":\"Schneeberger\",\"username\":\"FavioSchneeberger\"},\"chat\":{\"id\":-1001196812259,\"title\":\"AT VIP Canal\",\"type\":\"supergroup\"},\"date\":1760615736,\"text\":\"Sentimiento #ZS https://www.tradingview.com/x/NxhQ5AX2/\",\"entities\":[{\"offset\":12,\"length\":3,\"type\":\"hashtag\"},{\"offset\":16,\"length\":39,\"type\":\"url\"}],\"link_preview_options\":{\"url\":\"https://www.tradingview.com/x/NxhQ5AX2/\"}}}', '2025-10-16 08:55:37', '2025-10-16 08:55:41', 'completed', '{\"op_type\":\"LONG\",\"stoploss\":[10052,10082],\"entry\":10104,\"tps\":[10120,10134,10146,10162,10192]}', 'LONG'),
(24, 'BTCUSD', 'uploads/trades/2025-10-16_BTCUSD.png', 'https://www.tradingview.com/x/g2e6RN2l/', 'Sentimiento #BTCusd (M45) https://www.tradingview.com/x/g2e6RN2l/', '{\"update_id\":474205299,\n\"message\":{\"message_id\":112839,\"from\":{\"id\":603500055,\"is_bot\":false,\"first_name\":\"Favio\",\"last_name\":\"Schneeberger\",\"username\":\"FavioSchneeberger\"},\"chat\":{\"id\":-1001196812259,\"title\":\"AT VIP Canal\",\"type\":\"supergroup\"},\"date\":1760616088,\"text\":\"Sentimiento #BTCusd (M45) https://www.tradingview.com/x/g2e6RN2l/\",\"entities\":[{\"offset\":12,\"length\":7,\"type\":\"hashtag\"},{\"offset\":26,\"length\":39,\"type\":\"url\"}],\"link_preview_options\":{\"url\":\"https://www.tradingview.com/x/g2e6RN2l/\"}}}', '2025-10-16 09:01:31', '2025-10-16 09:01:35', 'completed', '{\"op_type\":\"LONG\",\"stoploss\":[109.48,110.83],\"entry\":111.449,\"tps\":[111.89,112.31,112.78,113.241,114.65]}', 'LONG'),
(25, 'CL', 'uploads/trades/2025-10-16_CL.png', 'https://www.tradingview.com/x/3Q7FcUaR/', 'Sentimiento #CL https://www.tradingview.com/x/3Q7FcUaR/', '{\"update_id\":474205301,\n\"message\":{\"message_id\":112841,\"from\":{\"id\":603500055,\"is_bot\":false,\"first_name\":\"Favio\",\"last_name\":\"Schneeberger\",\"username\":\"FavioSchneeberger\"},\"chat\":{\"id\":-1001196812259,\"title\":\"AT VIP Canal\",\"type\":\"supergroup\"},\"date\":1760616354,\"text\":\"Sentimiento #CL https://www.tradingview.com/x/3Q7FcUaR/\",\"entities\":[{\"offset\":12,\"length\":3,\"type\":\"hashtag\"},{\"offset\":16,\"length\":39,\"type\":\"url\"}],\"link_preview_options\":{\"url\":\"https://www.tradingview.com/x/3Q7FcUaR/\"}}}', '2025-10-16 09:05:55', '2025-10-16 09:06:00', 'completed', '{\"op_type\":\"LONG\",\"stoploss\":[58.02,58.29],\"entry\":58.42,\"tps\":[58.56,58.68,58.82,59.01,59.22]}', 'LONG'),
(26, 'GC', 'uploads/trades/2025-10-16_GC.png', 'https://www.tradingview.com/x/CVFUxXGF/', 'Sentimiento #GC https://www.tradingview.com/x/CVFUxXGF/', '{\"update_id\":474205304,\n\"message\":{\"message_id\":112844,\"from\":{\"id\":603500055,\"is_bot\":false,\"first_name\":\"Favio\",\"last_name\":\"Schneeberger\",\"username\":\"FavioSchneeberger\"},\"chat\":{\"id\":-1001196812259,\"title\":\"AT VIP Canal\",\"type\":\"supergroup\"},\"date\":1760616641,\"text\":\"Sentimiento #GC https://www.tradingview.com/x/CVFUxXGF/\",\"entities\":[{\"offset\":12,\"length\":3,\"type\":\"hashtag\"},{\"offset\":16,\"length\":39,\"type\":\"url\"}],\"link_preview_options\":{\"url\":\"https://www.tradingview.com/x/CVFUxXGF/\"}}}', '2025-10-16 09:10:43', '2025-10-16 09:10:47', 'completed', '{\"op_type\":\"LONG\",\"stoploss\":[4231.3,4247.1],\"entry\":4257.3,\"tps\":[4263.2,4268.3,4275.1,4281.4,4299.3]}', 'LONG'),
(27, 'VIX', 'uploads/trades/2025-10-16_VIX.png', 'https://www.tradingview.com/x/TfGgDC9h/', 'Sentimiento #VIX https://www.tradingview.com/x/TfGgDC9h/', '{\"update_id\":474205311,\n\"message\":{\"message_id\":112851,\"from\":{\"id\":603500055,\"is_bot\":false,\"first_name\":\"Favio\",\"last_name\":\"Schneeberger\",\"username\":\"FavioSchneeberger\"},\"chat\":{\"id\":-1001196812259,\"title\":\"AT VIP Canal\",\"type\":\"supergroup\"},\"date\":1760617058,\"text\":\"Sentimiento #VIX https://www.tradingview.com/x/TfGgDC9h/\",\"entities\":[{\"offset\":12,\"length\":4,\"type\":\"hashtag\"},{\"offset\":17,\"length\":39,\"type\":\"url\"}],\"link_preview_options\":{\"url\":\"https://www.tradingview.com/x/TfGgDC9h/\"}}}', '2025-10-16 09:17:40', '2025-10-16 09:17:44', 'completed', '{\"op_type\":\"SHORT\",\"stoploss\":[21.3,20.79],\"entry\":20.54,\"tps\":[20.37,20.16,19.94,19.66,18.83]}', 'SHORT'),
(28, 'ES', 'uploads/trades/2025-10-16_ES.png', 'https://www.tradingview.com/x/TM0UEiaO/', 'Sentimiento #ES https://www.tradingview.com/x/TM0UEiaO/', '{\"update_id\":474205313,\n\"message\":{\"message_id\":112853,\"from\":{\"id\":603500055,\"is_bot\":false,\"first_name\":\"Favio\",\"last_name\":\"Schneeberger\",\"username\":\"FavioSchneeberger\"},\"chat\":{\"id\":-1001196812259,\"title\":\"AT VIP Canal\",\"type\":\"supergroup\"},\"date\":1760617376,\"text\":\"Sentimiento #ES https://www.tradingview.com/x/TM0UEiaO/\",\"entities\":[{\"offset\":12,\"length\":3,\"type\":\"hashtag\"},{\"offset\":16,\"length\":39,\"type\":\"url\"}],\"link_preview_options\":{\"url\":\"https://www.tradingview.com/x/TM0UEiaO/\"}}}', '2025-10-16 09:22:58', '2025-10-16 09:23:02', 'completed', '{\"op_type\":\"LONG\",\"stoploss\":[6708.25,6728.5],\"entry\":6735,\"tps\":[6741.75,6748.25,6755.5,6764.75,6774]}', 'LONG'),
(29, 'NQ', 'uploads/trades/2025-10-16_NQ.png', 'https://www.tradingview.com/x/nWAuPmvg/', 'Sentimiento #NQ https://www.tradingview.com/x/nWAuPmvg/', '{\"update_id\":474205314,\n\"message\":{\"message_id\":112854,\"from\":{\"id\":603500055,\"is_bot\":false,\"first_name\":\"Favio\",\"last_name\":\"Schneeberger\",\"username\":\"FavioSchneeberger\"},\"chat\":{\"id\":-1001196812259,\"title\":\"AT VIP Canal\",\"type\":\"supergroup\"},\"date\":1760617597,\"text\":\"Sentimiento #NQ https://www.tradingview.com/x/nWAuPmvg/\",\"entities\":[{\"offset\":12,\"length\":3,\"type\":\"hashtag\"},{\"offset\":16,\"length\":39,\"type\":\"url\"}],\"link_preview_options\":{\"url\":\"https://www.tradingview.com/x/nWAuPmvg/\"}}}', '2025-10-16 09:26:38', '2025-10-16 09:26:43', 'completed', '{\"op_type\":\"LONG\",\"stoploss\":[24885,24975.5],\"entry\":25032.25,\"tps\":[25075.75,25114,25146.75,25189.75,25264]}', 'LONG'),
(30, 'RTY', 'uploads/trades/2025-10-16_RTY.png', 'https://www.tradingview.com/x/XnT3zwdC/', 'Sentimiento #RTY https://www.tradingview.com/x/XnT3zwdC/', '{\"update_id\":474205315,\n\"message\":{\"message_id\":112855,\"from\":{\"id\":603500055,\"is_bot\":false,\"first_name\":\"Favio\",\"last_name\":\"Schneeberger\",\"username\":\"FavioSchneeberger\"},\"chat\":{\"id\":-1001196812259,\"title\":\"AT VIP Canal\",\"type\":\"supergroup\"},\"date\":1760617823,\"text\":\"Sentimiento #RTY https://www.tradingview.com/x/XnT3zwdC/\",\"entities\":[{\"offset\":12,\"length\":4,\"type\":\"hashtag\"},{\"offset\":17,\"length\":39,\"type\":\"url\"}],\"link_preview_options\":{\"url\":\"https://www.tradingview.com/x/XnT3zwdC/\"}}}', '2025-10-16 09:30:24', '2025-10-16 09:30:28', 'completed', '{\"op_type\":\"SHORT\",\"stoploss\":[2592.1,2573.6],\"entry\":2564.4,\"tps\":[2559,2553.5,2548.6,2544.3,2537.8]}', 'SHORT'),
(31, 'EURUSD', 'uploads/trades/2025-10-17_EURUSD.png', 'https://www.tradingview.com/x/gZ83h6aF/', 'Sentimiento #EURUSD https://www.tradingview.com/x/gZ83h6aF/', '{\"update_id\":474205385,\n\"message\":{\"message_id\":112925,\"from\":{\"id\":603500055,\"is_bot\":false,\"first_name\":\"Favio\",\"last_name\":\"Schneeberger\",\"username\":\"FavioSchneeberger\"},\"chat\":{\"id\":-1001196812259,\"title\":\"AT VIP Canal\",\"type\":\"supergroup\"},\"date\":1760702751,\"text\":\"Sentimiento #EURUSD https://www.tradingview.com/x/gZ83h6aF/\",\"entities\":[{\"offset\":12,\"length\":7,\"type\":\"hashtag\"},{\"offset\":20,\"length\":39,\"type\":\"url\"}],\"link_preview_options\":{\"url\":\"https://www.tradingview.com/x/gZ83h6aF/\"}}}', '2025-10-17 09:05:53', '2025-10-17 09:05:57', 'completed', '{\"op_type\":\"SHORT\",\"stoploss\":[1.17503,1.17427],\"entry\":1.17173,\"tps\":[1.17065,1.16967,1.16874,1.16803,1.16723]}', 'SHORT'),
(32, 'USDBRL', 'uploads/trades/2025-10-17_USDBRL.png', 'https://www.tradingview.com/x/28D00R6G/', 'Sentimiento #USDBRL https://www.tradingview.com/x/28D00R6G/', '{\"update_id\":474205387,\n\"message\":{\"message_id\":112927,\"from\":{\"id\":603500055,\"is_bot\":false,\"first_name\":\"Favio\",\"last_name\":\"Schneeberger\",\"username\":\"FavioSchneeberger\"},\"chat\":{\"id\":-1001196812259,\"title\":\"AT VIP Canal\",\"type\":\"supergroup\"},\"date\":1760702881,\"text\":\"Sentimiento #USDBRL https://www.tradingview.com/x/28D00R6G/\",\"entities\":[{\"offset\":12,\"length\":7,\"type\":\"hashtag\"},{\"offset\":20,\"length\":39,\"type\":\"url\"}],\"link_preview_options\":{\"url\":\"https://www.tradingview.com/x/28D00R6G/\"}}}', '2025-10-17 09:08:02', '2025-10-17 09:08:07', 'completed', '{\"op_type\":\"SHORT\",\"stoploss\":[5.5006,5.4829],\"entry\":5.4731,\"tps\":[5.4651,5.457,5.4488,5.4408,5.4212]}', 'SHORT'),
(33, 'GC', 'uploads/trades/2025-10-17_GC.png', 'https://www.tradingview.com/x/AQ1iZIv5/', 'Sentimiento #GC https://www.tradingview.com/x/AQ1iZIv5/', '{\"update_id\":474205390,\n\"message\":{\"message_id\":112930,\"from\":{\"id\":603500055,\"is_bot\":false,\"first_name\":\"Favio\",\"last_name\":\"Schneeberger\",\"username\":\"FavioSchneeberger\"},\"chat\":{\"id\":-1001196812259,\"title\":\"AT VIP Canal\",\"type\":\"supergroup\"},\"date\":1760703096,\"text\":\"Sentimiento #GC https://www.tradingview.com/x/AQ1iZIv5/\",\"entities\":[{\"offset\":12,\"length\":3,\"type\":\"hashtag\"},{\"offset\":16,\"length\":39,\"type\":\"url\"}],\"link_preview_options\":{\"url\":\"https://www.tradingview.com/x/AQ1iZIv5/\"}}}', '2025-10-17 09:11:37', '2025-10-17 09:11:43', 'completed', '{\"op_type\":\"LONG\",\"stoploss\":[4280,4300.1],\"entry\":4310.4,\"tps\":[4316,4325.5,4334.2,4342.6,4356.6]}', 'LONG'),
(34, 'ZS', 'uploads/trades/2025-10-17_ZS.png', 'https://www.tradingview.com/x/Lt0oC42c/', 'Sentimiento #ZS https://www.tradingview.com/x/Lt0oC42c/', '{\"update_id\":474205392,\n\"message\":{\"message_id\":112932,\"from\":{\"id\":603500055,\"is_bot\":false,\"first_name\":\"Favio\",\"last_name\":\"Schneeberger\",\"username\":\"FavioSchneeberger\"},\"chat\":{\"id\":-1001196812259,\"title\":\"AT VIP Canal\",\"type\":\"supergroup\"},\"date\":1760703353,\"text\":\"Sentimiento #ZS https://www.tradingview.com/x/Lt0oC42c/\",\"entities\":[{\"offset\":12,\"length\":3,\"type\":\"hashtag\"},{\"offset\":16,\"length\":39,\"type\":\"url\"}],\"link_preview_options\":{\"url\":\"https://www.tradingview.com/x/Lt0oC42c/\"}}}', '2025-10-17 09:15:54', '2025-10-17 09:15:58', 'completed', '{\"op_type\":\"LONG\",\"stoploss\":[10070,10112],\"entry\":10142,\"tps\":[10160,10180,10194,10206,10252]}', 'LONG'),
(35, 'CL', 'uploads/trades/2025-10-17_CL.png', 'https://www.tradingview.com/x/87SQwKSM/', 'Sentimiento #CL https://www.tradingview.com/x/87SQwKSM/', '{\"update_id\":474205395,\n\"message\":{\"message_id\":112935,\"from\":{\"id\":603500055,\"is_bot\":false,\"first_name\":\"Favio\",\"last_name\":\"Schneeberger\",\"username\":\"FavioSchneeberger\"},\"chat\":{\"id\":-1001196812259,\"title\":\"AT VIP Canal\",\"type\":\"supergroup\"},\"date\":1760703632,\"text\":\"Sentimiento #CL https://www.tradingview.com/x/87SQwKSM/\",\"entities\":[{\"offset\":12,\"length\":3,\"type\":\"hashtag\"},{\"offset\":16,\"length\":39,\"type\":\"url\"}],\"link_preview_options\":{\"url\":\"https://www.tradingview.com/x/87SQwKSM/\"}}}', '2025-10-17 09:20:34', '2025-10-17 09:20:38', 'completed', '{\"op_type\":\"LONG\",\"stoploss\":[56.6,56.87],\"entry\":57,\"tps\":[57.13,57.25,57.39,57.57,58.03]}', 'LONG'),
(36, 'VIX', 'uploads/trades/2025-10-17_VIX.png', 'https://www.tradingview.com/x/mms3Ipbn/', 'Sentimiento #VIX https://www.tradingview.com/x/mms3Ipbn/', '{\"update_id\":474205397,\n\"message\":{\"message_id\":112937,\"from\":{\"id\":603500055,\"is_bot\":false,\"first_name\":\"Favio\",\"last_name\":\"Schneeberger\",\"username\":\"FavioSchneeberger\"},\"chat\":{\"id\":-1001196812259,\"title\":\"AT VIP Canal\",\"type\":\"supergroup\"},\"date\":1760704246,\"text\":\"Sentimiento #VIX https://www.tradingview.com/x/mms3Ipbn/\",\"entities\":[{\"offset\":12,\"length\":4,\"type\":\"hashtag\"},{\"offset\":17,\"length\":39,\"type\":\"url\"}],\"link_preview_options\":{\"url\":\"https://www.tradingview.com/x/mms3Ipbn/\"}}}', '2025-10-17 09:30:47', '2025-10-17 09:30:51', 'completed', '{\"op_type\":\"LONG\",\"stoploss\":[22.9,23.8],\"entry\":25.1,\"tps\":[25.46,25.75,26.01,26.23,26.55]}', 'LONG'),
(37, 'ES', 'uploads/trades/2025-10-17_ES.png', 'https://www.tradingview.com/x/RMaTDrwp/', 'Sentimiento #ES https://www.tradingview.com/x/RMaTDrwp/', '{\"update_id\":474205400,\n\"message\":{\"message_id\":112940,\"from\":{\"id\":603500055,\"is_bot\":false,\"first_name\":\"Favio\",\"last_name\":\"Schneeberger\",\"username\":\"FavioSchneeberger\"},\"chat\":{\"id\":-1001196812259,\"title\":\"AT VIP Canal\",\"type\":\"supergroup\"},\"date\":1760704720,\"text\":\"Sentimiento #ES https://www.tradingview.com/x/RMaTDrwp/\",\"entities\":[{\"offset\":12,\"length\":3,\"type\":\"hashtag\"},{\"offset\":16,\"length\":39,\"type\":\"url\"}],\"link_preview_options\":{\"url\":\"https://www.tradingview.com/x/RMaTDrwp/\"}}}', '2025-10-17 09:38:42', '2025-10-17 09:38:46', 'completed', '{\"op_type\":\"LONG\",\"stoploss\":[6635.5,6655.5],\"entry\":6667,\"tps\":[6673.75,6680,6687.5,6696.5,6719.75]}', 'LONG'),
(38, 'NQ', 'uploads/trades/2025-10-17_NQ.png', 'https://www.tradingview.com/x/noiLP4LJ/', 'Sentimiento #NQ https://www.tradingview.com/x/noiLP4LJ/', '{\"update_id\":474205401,\n\"message\":{\"message_id\":112941,\"from\":{\"id\":603500055,\"is_bot\":false,\"first_name\":\"Favio\",\"last_name\":\"Schneeberger\",\"username\":\"FavioSchneeberger\"},\"chat\":{\"id\":-1001196812259,\"title\":\"AT VIP Canal\",\"type\":\"supergroup\"},\"date\":1760705024,\"text\":\"Sentimiento #NQ https://www.tradingview.com/x/noiLP4LJ/\",\"entities\":[{\"offset\":12,\"length\":3,\"type\":\"hashtag\"},{\"offset\":16,\"length\":39,\"type\":\"url\"}],\"link_preview_options\":{\"url\":\"https://www.tradingview.com/x/noiLP4LJ/\"}}}', '2025-10-17 09:43:46', '2025-10-17 09:43:53', 'completed', '{\"op_type\":\"LONG\",\"stoploss\":[24637.75,24717.75],\"entry\":24758.25,\"tps\":[24797.75,24840,24881.75,24939.5,25012.75]}', 'LONG'),
(39, 'RTY', 'uploads/trades/2025-10-17_RTY.png', 'https://www.tradingview.com/x/Gna4inDK/', 'Sentimiento #RTY https://www.tradingview.com/x/Gna4inDK/', '{\"update_id\":474205402,\n\"message\":{\"message_id\":112942,\"from\":{\"id\":603500055,\"is_bot\":false,\"first_name\":\"Favio\",\"last_name\":\"Schneeberger\",\"username\":\"FavioSchneeberger\"},\"chat\":{\"id\":-1001196812259,\"title\":\"AT VIP Canal\",\"type\":\"supergroup\"},\"date\":1760705324,\"text\":\"Sentimiento #RTY https://www.tradingview.com/x/Gna4inDK/\",\"entities\":[{\"offset\":12,\"length\":4,\"type\":\"hashtag\"},{\"offset\":17,\"length\":39,\"type\":\"url\"}],\"link_preview_options\":{\"url\":\"https://www.tradingview.com/x/Gna4inDK/\"}}}', '2025-10-17 09:48:46', '2025-10-17 09:48:51', 'completed', '{\"op_type\":\"LONG\",\"stoploss\":[2438.8,2447.9],\"entry\":2454.2,\"tps\":[2459.8,2464.5,2469.8,2475,2500.3]}', 'LONG'),
(40, 'BTCUSD', 'uploads/trades/2025-10-17_BTCUSD.png', 'https://www.tradingview.com/x/oF9bvk3N/', 'Sentimiento #BTCusd (M45) https://www.tradingview.com/x/oF9bvk3N/', '{\"update_id\":474205411,\n\"message\":{\"message_id\":112951,\"from\":{\"id\":603500055,\"is_bot\":false,\"first_name\":\"Favio\",\"last_name\":\"Schneeberger\",\"username\":\"FavioSchneeberger\"},\"chat\":{\"id\":-1001196812259,\"title\":\"AT VIP Canal\",\"type\":\"supergroup\"},\"date\":1760706634,\"text\":\"Sentimiento #BTCusd (M45) https://www.tradingview.com/x/oF9bvk3N/\",\"entities\":[{\"offset\":12,\"length\":7,\"type\":\"hashtag\"},{\"offset\":26,\"length\":39,\"type\":\"url\"}],\"link_preview_options\":{\"url\":\"https://www.tradingview.com/x/oF9bvk3N/\"}}}', '2025-10-17 10:10:36', '2025-10-17 10:10:41', 'completed', '{\"op_type\":\"SHORT\",\"stoploss\":[111.56,104.544],\"entry\":103.108,\"tps\":[101.808,100.321,98.942,97.97,96.34]}', 'SHORT'),
(41, 'EURUSD', 'uploads/trades/2025-10-20_EURUSD.png', 'https://www.tradingview.com/x/mLFYogTZ/', 'Sentimiento #EURUSD https://www.tradingview.com/x/mLFYogTZ/', '{\"update_id\":474205482,\n\"message\":{\"message_id\":113021,\"from\":{\"id\":603500055,\"is_bot\":false,\"first_name\":\"Favio\",\"last_name\":\"Schneeberger\",\"username\":\"FavioSchneeberger\"},\"chat\":{\"id\":-1001196812259,\"title\":\"AT VIP Canal\",\"type\":\"supergroup\"},\"date\":1760961129,\"text\":\"Sentimiento #EURUSD https://www.tradingview.com/x/mLFYogTZ/\",\"entities\":[{\"offset\":12,\"length\":7,\"type\":\"hashtag\"},{\"offset\":20,\"length\":39,\"type\":\"url\"}],\"link_preview_options\":{\"url\":\"https://www.tradingview.com/x/mLFYogTZ/\"}}}', '2025-10-20 08:52:11', '2025-10-20 08:52:15', 'completed', '{\"op_type\":\"LONG\",\"stoploss\":[1.16235,1.16402],\"entry\":1.16482,\"tps\":[1.16553,1.16646,1.16744,1.16851,1.17027]}', 'LONG'),
(42, 'USDBRL', 'uploads/trades/2025-10-20_USDBRL.png', 'https://www.tradingview.com/x/HAMGh4CK/', 'Sentimiento #USDBRL https://www.tradingview.com/x/HAMGh4CK/', '{\"update_id\":474205484,\n\"message\":{\"message_id\":113023,\"from\":{\"id\":603500055,\"is_bot\":false,\"first_name\":\"Favio\",\"last_name\":\"Schneeberger\",\"username\":\"FavioSchneeberger\"},\"chat\":{\"id\":-1001196812259,\"title\":\"AT VIP Canal\",\"type\":\"supergroup\"},\"date\":1760961275,\"text\":\"Sentimiento #USDBRL https://www.tradingview.com/x/HAMGh4CK/\",\"entities\":[{\"offset\":12,\"length\":7,\"type\":\"hashtag\"},{\"offset\":20,\"length\":39,\"type\":\"url\"}],\"link_preview_options\":{\"url\":\"https://www.tradingview.com/x/HAMGh4CK/\"}}}', '2025-10-20 08:54:36', '2025-10-20 08:54:40', 'completed', '{\"op_type\":\"SHORT\",\"stoploss\":[5.4476,5.4301],\"entry\":5.4204,\"tps\":[5.4124,5.4045,5.3963,5.3884,5.369]}', 'SHORT'),
(43, 'BTCUSD', 'uploads/trades/2025-10-20_BTCUSD.png', 'https://www.tradingview.com/x/gDwlbIF9/', 'Sentimiento #BTCusd (M45) https://www.tradingview.com/x/gDwlbIF9/', '{\"update_id\":474205487,\n\"message\":{\"message_id\":113026,\"from\":{\"id\":603500055,\"is_bot\":false,\"first_name\":\"Favio\",\"last_name\":\"Schneeberger\",\"username\":\"FavioSchneeberger\"},\"chat\":{\"id\":-1001196812259,\"title\":\"AT VIP Canal\",\"type\":\"supergroup\"},\"date\":1760961605,\"text\":\"Sentimiento #BTCusd (M45) https://www.tradingview.com/x/gDwlbIF9/\",\"entities\":[{\"offset\":12,\"length\":7,\"type\":\"hashtag\"},{\"offset\":26,\"length\":39,\"type\":\"url\"}],\"link_preview_options\":{\"url\":\"https://www.tradingview.com/x/gDwlbIF9/\"}}}', '2025-10-20 09:00:06', '2025-10-20 09:00:11', 'completed', '{\"op_type\":\"SHORT\",\"stoploss\":[111.56,109.091],\"entry\":107.19,\"tps\":[104.544,103.108,101.808,100.321,98.942]}', 'SHORT'),
(44, 'CL', 'uploads/trades/2025-10-20_CL.png', 'https://www.tradingview.com/x/5XgtBiNE/', 'Sentimiento #CL https://www.tradingview.com/x/5XgtBiNE/', '{\"update_id\":474205489,\n\"message\":{\"message_id\":113028,\"from\":{\"id\":603500055,\"is_bot\":false,\"first_name\":\"Favio\",\"last_name\":\"Schneeberger\",\"username\":\"FavioSchneeberger\"},\"chat\":{\"id\":-1001196812259,\"title\":\"AT VIP Canal\",\"type\":\"supergroup\"},\"date\":1760961923,\"text\":\"Sentimiento #CL https://www.tradingview.com/x/5XgtBiNE/\",\"entities\":[{\"offset\":12,\"length\":3,\"type\":\"hashtag\"},{\"offset\":16,\"length\":39,\"type\":\"url\"}],\"link_preview_options\":{\"url\":\"https://www.tradingview.com/x/5XgtBiNE/\"}}}', '2025-10-20 09:05:25', '2025-10-20 09:05:28', 'completed', '{\"op_type\":\"LONG\",\"stoploss\":[56.34,56.61],\"entry\":56.74,\"tps\":[56.87,56.99,57.12,57.31,57.76]}', 'LONG'),
(45, 'GC', 'uploads/trades/2025-10-20_GC.png', 'https://www.tradingview.com/x/GYVw2wrU/', 'Sentimiento #GC https://www.tradingview.com/x/GYVw2wrU/', '{\"update_id\":474205491,\n\"message\":{\"message_id\":113030,\"from\":{\"id\":603500055,\"is_bot\":false,\"first_name\":\"Favio\",\"last_name\":\"Schneeberger\",\"username\":\"FavioSchneeberger\"},\"chat\":{\"id\":-1001196812259,\"title\":\"AT VIP Canal\",\"type\":\"supergroup\"},\"date\":1760962289,\"text\":\"Sentimiento #GC https://www.tradingview.com/x/GYVw2wrU/\",\"entities\":[{\"offset\":12,\"length\":3,\"type\":\"hashtag\"},{\"offset\":16,\"length\":39,\"type\":\"url\"}],\"link_preview_options\":{\"url\":\"https://www.tradingview.com/x/GYVw2wrU/\"}}}', '2025-10-20 09:11:30', '2025-10-20 09:11:35', 'completed', '{\"op_type\":\"LONG\",\"stoploss\":[4257.5,4281],\"entry\":4291.8,\"tps\":[4300.1,4306.7,4315.5,4323.9,4337.9]}', 'LONG'),
(46, 'ZS', 'uploads/trades/2025-10-20_ZS.png', 'https://www.tradingview.com/x/5Hn8b9Wa/', 'Sentimiento #ZS https://www.tradingview.com/x/5Hn8b9Wa/', '{\"update_id\":474205494,\n\"message\":{\"message_id\":113033,\"from\":{\"id\":603500055,\"is_bot\":false,\"first_name\":\"Favio\",\"last_name\":\"Schneeberger\",\"username\":\"FavioSchneeberger\"},\"chat\":{\"id\":-1001196812259,\"title\":\"AT VIP Canal\",\"type\":\"supergroup\"},\"date\":1760963306,\"text\":\"Sentimiento #ZS https://www.tradingview.com/x/5Hn8b9Wa/\",\"entities\":[{\"offset\":12,\"length\":3,\"type\":\"hashtag\"},{\"offset\":16,\"length\":39,\"type\":\"url\"}],\"link_preview_options\":{\"url\":\"https://www.tradingview.com/x/5Hn8b9Wa/\"}}}', '2025-10-20 09:28:28', '2025-10-20 09:28:32', 'completed', '{\"op_type\":\"SHORT\",\"stoploss\":[10400,10362],\"entry\":10330,\"tps\":[10314,10302,10286,10266,10252]}', 'SHORT'),
(47, 'VIX', 'uploads/trades/2025-10-20_VIX.png', 'https://www.tradingview.com/x/6o63qrQU/', 'Sentimiento #VIX https://www.tradingview.com/x/6o63qrQU/', '{\"update_id\":474205501,\n\"message\":{\"message_id\":113040,\"from\":{\"id\":603500055,\"is_bot\":false,\"first_name\":\"Favio\",\"last_name\":\"Schneeberger\",\"username\":\"FavioSchneeberger\"},\"chat\":{\"id\":-1001196812259,\"title\":\"AT VIP Canal\",\"type\":\"supergroup\"},\"date\":1760963735,\"text\":\"Sentimiento #VIX https://www.tradingview.com/x/6o63qrQU/\",\"entities\":[{\"offset\":12,\"length\":4,\"type\":\"hashtag\"},{\"offset\":17,\"length\":39,\"type\":\"url\"}],\"link_preview_options\":{\"url\":\"https://www.tradingview.com/x/6o63qrQU/\"}}}', '2025-10-20 09:35:36', '2025-10-20 09:35:40', 'completed', '{\"op_type\":\"LONG\",\"stoploss\":[17.8,18.6],\"entry\":19.4,\"tps\":[19.73,19.99,20.25,20.48,21]}', 'LONG'),
(48, 'NQ', 'uploads/trades/2025-10-20_NQ.png', 'https://www.tradingview.com/x/68n8Iz0i/', 'Sentimiento #NQ https://www.tradingview.com/x/68n8Iz0i/', '{\"update_id\":474205504,\n\"message\":{\"message_id\":113043,\"from\":{\"id\":603500055,\"is_bot\":false,\"first_name\":\"Favio\",\"last_name\":\"Schneeberger\",\"username\":\"FavioSchneeberger\"},\"chat\":{\"id\":-1001196812259,\"title\":\"AT VIP Canal\",\"type\":\"supergroup\"},\"date\":1760964036,\"text\":\"Sentimiento #NQ https://www.tradingview.com/x/68n8Iz0i/\",\"entities\":[{\"offset\":12,\"length\":3,\"type\":\"hashtag\"},{\"offset\":16,\"length\":39,\"type\":\"url\"}],\"link_preview_options\":{\"url\":\"https://www.tradingview.com/x/68n8Iz0i/\"}}}', '2025-10-20 09:40:38', '2025-10-20 09:40:41', 'completed', '{\"op_type\":\"LONG\",\"stoploss\":[24951.5,25052],\"entry\":25093.5,\"tps\":[25133.5,25176.5,25218.75,25277.25,25351.5]}', 'LONG'),
(49, 'ES', 'uploads/trades/2025-10-20_ES.png', 'https://www.tradingview.com/x/ngjzCDlS/', 'Sentimiento #ES https://www.tradingview.com/x/ngjzCDlS/', '{\"update_id\":474205505,\n\"message\":{\"message_id\":113044,\"from\":{\"id\":603500055,\"is_bot\":false,\"first_name\":\"Favio\",\"last_name\":\"Schneeberger\",\"username\":\"FavioSchneeberger\"},\"chat\":{\"id\":-1001196812259,\"title\":\"AT VIP Canal\",\"type\":\"supergroup\"},\"date\":1760964121,\"text\":\"Sentimiento #ES https://www.tradingview.com/x/ngjzCDlS/\",\"entities\":[{\"offset\":12,\"length\":3,\"type\":\"hashtag\"},{\"offset\":16,\"length\":39,\"type\":\"url\"}],\"link_preview_options\":{\"url\":\"https://www.tradingview.com/x/ngjzCDlS/\"}}}', '2025-10-20 09:42:03', '2025-10-20 09:42:07', 'completed', '{\"op_type\":\"LONG\",\"stoploss\":[6628.5,6693.5],\"entry\":6713.75,\"tps\":[6725.5,6731.25,6738.75,6746,6755.25]}', 'LONG'),
(50, 'RTY', 'uploads/trades/2025-10-20_RTY.png', 'https://www.tradingview.com/x/iIuMi7aT/', 'Sentimiento #RTY https://www.tradingview.com/x/iIuMi7aT/', '{\"update_id\":474205507,\n\"message\":{\"message_id\":113046,\"from\":{\"id\":603500055,\"is_bot\":false,\"first_name\":\"Favio\",\"last_name\":\"Schneeberger\",\"username\":\"FavioSchneeberger\"},\"chat\":{\"id\":-1001196812259,\"title\":\"AT VIP Canal\",\"type\":\"supergroup\"},\"date\":1760964329,\"text\":\"Sentimiento #RTY https://www.tradingview.com/x/iIuMi7aT/\",\"entities\":[{\"offset\":12,\"length\":4,\"type\":\"hashtag\"},{\"offset\":17,\"length\":39,\"type\":\"url\"}],\"link_preview_options\":{\"url\":\"https://www.tradingview.com/x/iIuMi7aT/\"}}}', '2025-10-20 09:45:31', '2025-10-20 09:45:35', 'completed', '{\"op_type\":\"LONG\",\"stoploss\":[2472.7,2482],\"entry\":2488.3,\"tps\":[2494,2496.8,2504.2,2509.5,2535.1]}', 'LONG'),
(51, 'EURUSD', 'uploads/trades/2025-10-21_EURUSD.png', 'https://www.tradingview.com/x/pc6agaq3/', 'Sentimiento #EURUSD https://www.tradingview.com/x/pc6agaq3/', '{\"update_id\":474205604,\n\"message\":{\"message_id\":113142,\"from\":{\"id\":603500055,\"is_bot\":false,\"first_name\":\"Favio\",\"last_name\":\"Schneeberger\",\"username\":\"FavioSchneeberger\"},\"chat\":{\"id\":-1001196812259,\"title\":\"AT VIP Canal\",\"type\":\"supergroup\"},\"date\":1761047573,\"text\":\"Sentimiento #EURUSD https://www.tradingview.com/x/pc6agaq3/\",\"entities\":[{\"offset\":12,\"length\":7,\"type\":\"hashtag\"},{\"offset\":20,\"length\":39,\"type\":\"url\"}],\"link_preview_options\":{\"url\":\"https://www.tradingview.com/x/pc6agaq3/\"}}}', '2025-10-21 08:52:55', '2025-10-21 08:53:00', 'completed', '{\"op_type\":\"SHORT\",\"stoploss\":[1.16947,1.16704],\"entry\":1.16528,\"tps\":[1.16422,1.16324,1.16231,1.16161,1.16081]}', 'SHORT'),
(52, 'USDBRL', 'uploads/trades/2025-10-21_USDBRL.png', 'https://www.tradingview.com/x/JH8oxbei/', 'Sentimiento #USDBRL https://www.tradingview.com/x/JH8oxbei/', '{\"update_id\":474205606,\n\"message\":{\"message_id\":113144,\"from\":{\"id\":603500055,\"is_bot\":false,\"first_name\":\"Favio\",\"last_name\":\"Schneeberger\",\"username\":\"FavioSchneeberger\"},\"chat\":{\"id\":-1001196812259,\"title\":\"AT VIP Canal\",\"type\":\"supergroup\"},\"date\":1761047781,\"text\":\"Sentimiento #USDBRL https://www.tradingview.com/x/JH8oxbei/\",\"entities\":[{\"offset\":12,\"length\":7,\"type\":\"hashtag\"},{\"offset\":20,\"length\":39,\"type\":\"url\"}],\"link_preview_options\":{\"url\":\"https://www.tradingview.com/x/JH8oxbei/\"}}}', '2025-10-21 08:56:22', '2025-10-21 08:56:27', 'completed', '{\"op_type\":\"SHORT\",\"stoploss\":[5.4079,5.3901],\"entry\":5.3805,\"tps\":[5.3726,5.3647,5.3566,5.3487,5.3294]}', 'SHORT'),
(53, 'GC', 'uploads/trades/2025-10-21_GC.png', 'https://www.tradingview.com/x/AvKz2ZcP/', 'Sentimiento #GC https://www.tradingview.com/x/AvKz2ZcP/', '{\"update_id\":474205609,\n\"message\":{\"message_id\":113147,\"from\":{\"id\":603500055,\"is_bot\":false,\"first_name\":\"Favio\",\"last_name\":\"Schneeberger\",\"username\":\"FavioSchneeberger\"},\"chat\":{\"id\":-1001196812259,\"title\":\"AT VIP Canal\",\"type\":\"supergroup\"},\"date\":1761048102,\"text\":\"Sentimiento #GC https://www.tradingview.com/x/AvKz2ZcP/\",\"entities\":[{\"offset\":12,\"length\":3,\"type\":\"hashtag\"},{\"offset\":16,\"length\":39,\"type\":\"url\"}],\"link_preview_options\":{\"url\":\"https://www.tradingview.com/x/AvKz2ZcP/\"}}}', '2025-10-21 09:01:44', '2025-10-21 09:01:51', 'completed', '{\"op_type\":\"SHORT\",\"stoploss\":[4391,4322],\"entry\":4298.2,\"tps\":[4278,4264.2,4255.9,4247.2,4240.7]}', 'SHORT'),
(54, 'ZS', 'uploads/trades/2025-10-21_ZS.png', 'https://www.tradingview.com/x/r9kwFFTf/', 'Sentimiento #ZS https://www.tradingview.com/x/r9kwFFTf/', '{\"update_id\":474205611,\n\"message\":{\"message_id\":113149,\"from\":{\"id\":603500055,\"is_bot\":false,\"first_name\":\"Favio\",\"last_name\":\"Schneeberger\",\"username\":\"FavioSchneeberger\"},\"chat\":{\"id\":-1001196812259,\"title\":\"AT VIP Canal\",\"type\":\"supergroup\"},\"date\":1761048613,\"text\":\"Sentimiento #ZS https://www.tradingview.com/x/r9kwFFTf/\",\"entities\":[{\"offset\":12,\"length\":3,\"type\":\"hashtag\"},{\"offset\":16,\"length\":39,\"type\":\"url\"}],\"link_preview_options\":{\"url\":\"https://www.tradingview.com/x/r9kwFFTf/\"}}}', '2025-10-21 09:10:20', '2025-10-21 09:10:23', 'failed_analysis', NULL, NULL),
(55, 'BTCUSD', 'uploads/trades/2025-10-21_BTCUSD.png', 'https://www.tradingview.com/x/VP7AUHLn/', 'Sentimiento #BTCusd (M45) https://www.tradingview.com/x/VP7AUHLn/', '{\"update_id\":474205613,\n\"message\":{\"message_id\":113151,\"from\":{\"id\":603500055,\"is_bot\":false,\"first_name\":\"Favio\",\"last_name\":\"Schneeberger\",\"username\":\"FavioSchneeberger\"},\"chat\":{\"id\":-1001196812259,\"title\":\"AT VIP Canal\",\"type\":\"supergroup\"},\"date\":1761049060,\"text\":\"Sentimiento #BTCusd (M45) https://www.tradingview.com/x/VP7AUHLn/\",\"entities\":[{\"offset\":12,\"length\":7,\"type\":\"hashtag\"},{\"offset\":26,\"length\":39,\"type\":\"url\"}],\"link_preview_options\":{\"url\":\"https://www.tradingview.com/x/VP7AUHLn/\"}}}', '2025-10-21 09:17:41', '2025-10-21 09:17:45', 'completed', '{\"op_type\":\"SHORT\",\"stoploss\":[113.655,111.56],\"entry\":110.46,\"tps\":[109.59,109.08,108.503,106.7,104.84]}', 'SHORT');
INSERT INTO `telegram_signals` (`id`, `ticker_symbol`, `image_path`, `tradingview_url`, `message_text`, `webhook_raw_data`, `created_at`, `updated_at`, `status`, `analysis_data`, `op_type`) VALUES
(56, 'CL', 'uploads/trades/2025-10-21_CL.png', 'https://www.tradingview.com/x/aQrE9iOc/', 'Sentimiento #CL https://www.tradingview.com/x/aQrE9iOc/', '{\"update_id\":474205616,\n\"message\":{\"message_id\":113154,\"from\":{\"id\":603500055,\"is_bot\":false,\"first_name\":\"Favio\",\"last_name\":\"Schneeberger\",\"username\":\"FavioSchneeberger\"},\"chat\":{\"id\":-1001196812259,\"title\":\"AT VIP Canal\",\"type\":\"supergroup\"},\"date\":1761049334,\"text\":\"Sentimiento #CL https://www.tradingview.com/x/aQrE9iOc/\",\"entities\":[{\"offset\":12,\"length\":3,\"type\":\"hashtag\"},{\"offset\":16,\"length\":39,\"type\":\"url\"}],\"link_preview_options\":{\"url\":\"https://www.tradingview.com/x/aQrE9iOc/\"}}}', '2025-10-21 09:22:15', '2025-10-21 09:22:19', 'completed', '{\"op_type\":\"SHORT\",\"stoploss\":[58.62,58.27],\"entry\":57.99,\"tps\":[57.81,57.67,57.55,57.42,57.28]}', 'SHORT'),
(57, 'VIX', 'uploads/trades/2025-10-21_VIX.png', 'https://www.tradingview.com/x/U0ICBXEs/', 'Sentimiento #VIX https://www.tradingview.com/x/U0ICBXEs/', '{\"update_id\":474205619,\n\"message\":{\"message_id\":113157,\"from\":{\"id\":603500055,\"is_bot\":false,\"first_name\":\"Favio\",\"last_name\":\"Schneeberger\",\"username\":\"FavioSchneeberger\"},\"chat\":{\"id\":-1001196812259,\"title\":\"AT VIP Canal\",\"type\":\"supergroup\"},\"date\":1761049711,\"text\":\"Sentimiento #VIX https://www.tradingview.com/x/U0ICBXEs/\",\"entities\":[{\"offset\":12,\"length\":4,\"type\":\"hashtag\"},{\"offset\":17,\"length\":39,\"type\":\"url\"}],\"link_preview_options\":{\"url\":\"https://www.tradingview.com/x/U0ICBXEs/\"}}}', '2025-10-21 09:28:32', '2025-10-21 09:28:37', 'completed', '{\"op_type\":\"SHORT\",\"stoploss\":[19.84,19.04],\"entry\":18.55,\"tps\":[18.36,18.12,17.89,17.59,16.86]}', 'SHORT'),
(58, 'ES', 'uploads/trades/2025-10-21_ES.png', 'https://www.tradingview.com/x/SmD1D4FT/', 'Sentimiento #ES https://www.tradingview.com/x/SmD1D4FT/', '{\"update_id\":474205622,\n\"message\":{\"message_id\":113159,\"from\":{\"id\":603500055,\"is_bot\":false,\"first_name\":\"Favio\",\"last_name\":\"Schneeberger\",\"username\":\"FavioSchneeberger\"},\"chat\":{\"id\":-1001196812259,\"title\":\"AT VIP Canal\",\"type\":\"supergroup\"},\"date\":1761050168,\"text\":\"Sentimiento #ES https://www.tradingview.com/x/SmD1D4FT/\",\"entities\":[{\"offset\":12,\"length\":3,\"type\":\"hashtag\"},{\"offset\":16,\"length\":39,\"type\":\"url\"}],\"link_preview_options\":{\"url\":\"https://www.tradingview.com/x/SmD1D4FT/\"}}}', '2025-10-21 09:36:09', '2025-10-21 09:36:13', 'failed_analysis', NULL, NULL),
(59, 'NQ', 'uploads/trades/2025-10-21_NQ.png', 'https://www.tradingview.com/x/WB9nin6F/', 'Sentimiento #NQ https://www.tradingview.com/x/WB9nin6F/', '{\"update_id\":474205624,\n\"message\":{\"message_id\":113161,\"from\":{\"id\":603500055,\"is_bot\":false,\"first_name\":\"Favio\",\"last_name\":\"Schneeberger\",\"username\":\"FavioSchneeberger\"},\"chat\":{\"id\":-1001196812259,\"title\":\"AT VIP Canal\",\"type\":\"supergroup\"},\"date\":1761050490,\"text\":\"Sentimiento #NQ https://www.tradingview.com/x/WB9nin6F/\",\"entities\":[{\"offset\":12,\"length\":3,\"type\":\"hashtag\"},{\"offset\":16,\"length\":39,\"type\":\"url\"}],\"link_preview_options\":{\"url\":\"https://www.tradingview.com/x/WB9nin6F/\"}}}', '2025-10-21 09:41:31', '2025-10-21 09:41:35', 'completed', '{\"op_type\":\"LONG\",\"stoploss\":[25148.75,25250],\"entry\":25292,\"tps\":[25332.75,25375.5,25418,25477,25552]}', 'LONG'),
(60, 'RTY', 'uploads/trades/2025-10-21_RTY.png', 'https://www.tradingview.com/x/5WmEd9gH/', 'Sentimiento #RTY https://www.tradingview.com/x/5WmEd9gH/', '{\"update_id\":474205626,\n\"message\":{\"message_id\":113163,\"from\":{\"id\":603500055,\"is_bot\":false,\"first_name\":\"Favio\",\"last_name\":\"Schneeberger\",\"username\":\"FavioSchneeberger\"},\"chat\":{\"id\":-1001196812259,\"title\":\"AT VIP Canal\",\"type\":\"supergroup\"},\"date\":1761050680,\"text\":\"Sentimiento #RTY https://www.tradingview.com/x/5WmEd9gH/\",\"entities\":[{\"offset\":12,\"length\":4,\"type\":\"hashtag\"},{\"offset\":17,\"length\":39,\"type\":\"url\"}],\"link_preview_options\":{\"url\":\"https://www.tradingview.com/x/5WmEd9gH/\"}}}', '2025-10-21 09:44:42', '2025-10-21 09:44:46', 'completed', '{\"op_type\":\"LONG\",\"stoploss\":[2497.7,2502],\"entry\":2508.4,\"tps\":[2514.1,2519,2524.4,2527.7,2555.6]}', 'LONG'),
(61, 'EURUSD', 'uploads/trades/2025-10-22_EURUSD.png', 'https://www.tradingview.com/x/6mPsAB4E/', 'Sentimiento #EURUSD https://www.tradingview.com/x/6mPsAB4E/', '{\"update_id\":474205691,\n\"message\":{\"message_id\":113228,\"from\":{\"id\":603500055,\"is_bot\":false,\"first_name\":\"Favio\",\"last_name\":\"Schneeberger\",\"username\":\"FavioSchneeberger\"},\"chat\":{\"id\":-1001196812259,\"title\":\"AT VIP Canal\",\"type\":\"supergroup\"},\"date\":1761133986,\"text\":\"Sentimiento #EURUSD https://www.tradingview.com/x/6mPsAB4E/\",\"entities\":[{\"offset\":12,\"length\":7,\"type\":\"hashtag\"},{\"offset\":20,\"length\":39,\"type\":\"url\"}],\"link_preview_options\":{\"url\":\"https://www.tradingview.com/x/6mPsAB4E/\"}}}', '2025-10-22 08:53:08', '2025-10-22 08:53:13', 'completed', '{\"op_type\":\"LONG\",\"stoploss\":[1.1547,1.15606],\"entry\":1.15737,\"tps\":[1.15849,1.15919,1.16012,1.16109,1.16216]}', 'LONG'),
(62, 'VIX', 'uploads/trades/2025-10-22_VIX.png', 'https://www.tradingview.com/x/Zmaw8LdO/', 'Sentimiento #VIX https://www.tradingview.com/x/Zmaw8LdO/', '{\"update_id\":474205693,\n\"message\":{\"message_id\":113230,\"from\":{\"id\":603500055,\"is_bot\":false,\"first_name\":\"Favio\",\"last_name\":\"Schneeberger\",\"username\":\"FavioSchneeberger\"},\"chat\":{\"id\":-1001196812259,\"title\":\"AT VIP Canal\",\"type\":\"supergroup\"},\"date\":1761134357,\"text\":\"Sentimiento #VIX https://www.tradingview.com/x/Zmaw8LdO/\",\"entities\":[{\"offset\":12,\"length\":4,\"type\":\"hashtag\"},{\"offset\":17,\"length\":39,\"type\":\"url\"}],\"link_preview_options\":{\"url\":\"https://www.tradingview.com/x/Zmaw8LdO/\"}}}', '2025-10-22 08:59:19', '2025-10-22 08:59:24', 'completed', '{\"op_type\":\"SHORT\",\"stoploss\":[19.55,18.62],\"entry\":18.14,\"tps\":[17.95,17.72,17.49,17.2,16.49]}', 'SHORT'),
(63, 'USDBRL', 'uploads/trades/2025-10-22_USDBRL.png', 'https://www.tradingview.com/x/VWjcrz1f/', 'Sentimiento #USDBRL https://www.tradingview.com/x/VWjcrz1f/', '{\"update_id\":474205695,\n\"message\":{\"message_id\":113232,\"from\":{\"id\":603500055,\"is_bot\":false,\"first_name\":\"Favio\",\"last_name\":\"Schneeberger\",\"username\":\"FavioSchneeberger\"},\"chat\":{\"id\":-1001196812259,\"title\":\"AT VIP Canal\",\"type\":\"supergroup\"},\"date\":1761134513,\"text\":\"Sentimiento #USDBRL https://www.tradingview.com/x/VWjcrz1f/\",\"entities\":[{\"offset\":12,\"length\":7,\"type\":\"hashtag\"},{\"offset\":20,\"length\":39,\"type\":\"url\"}],\"link_preview_options\":{\"url\":\"https://www.tradingview.com/x/VWjcrz1f/\"}}}', '2025-10-22 09:01:55', '2025-10-22 09:01:59', 'completed', '{\"op_type\":\"SHORT\",\"stoploss\":[5.4302,5.4128],\"entry\":5.4031,\"tps\":[5.3951,5.3872,5.379,5.3712,5.3518]}', 'SHORT'),
(64, 'ZS', 'uploads/trades/2025-10-22_ZS.png', 'https://www.tradingview.com/x/f2CMnSlo/', 'Sentimiento #ZS https://www.tradingview.com/x/f2CMnSlo/', '{\"update_id\":474205698,\n\"message\":{\"message_id\":113235,\"from\":{\"id\":603500055,\"is_bot\":false,\"first_name\":\"Favio\",\"last_name\":\"Schneeberger\",\"username\":\"FavioSchneeberger\"},\"chat\":{\"id\":-1001196812259,\"title\":\"AT VIP Canal\",\"type\":\"supergroup\"},\"date\":1761134691,\"text\":\"Sentimiento #ZS https://www.tradingview.com/x/f2CMnSlo/\",\"entities\":[{\"offset\":12,\"length\":3,\"type\":\"hashtag\"},{\"offset\":16,\"length\":39,\"type\":\"url\"}],\"link_preview_options\":{\"url\":\"https://www.tradingview.com/x/f2CMnSlo/\"}}}', '2025-10-22 09:04:52', '2025-10-22 09:04:56', 'completed', '{\"op_type\":\"LONG\",\"stoploss\":[10390,10474],\"entry\":10502,\"tps\":[10520,10536,10554,10574,10592]}', 'LONG'),
(65, 'GC', 'uploads/trades/2025-10-22_GC.png', 'https://www.tradingview.com/x/86n1i6AO/', 'Sentimiento #GC https://www.tradingview.com/x/86n1i6AO/', '{\"update_id\":474205700,\n\"message\":{\"message_id\":113237,\"from\":{\"id\":603500055,\"is_bot\":false,\"first_name\":\"Favio\",\"last_name\":\"Schneeberger\",\"username\":\"FavioSchneeberger\"},\"chat\":{\"id\":-1001196812259,\"title\":\"AT VIP Canal\",\"type\":\"supergroup\"},\"date\":1761135151,\"text\":\"Sentimiento #GC https://www.tradingview.com/x/86n1i6AO/\",\"entities\":[{\"offset\":12,\"length\":3,\"type\":\"hashtag\"},{\"offset\":16,\"length\":39,\"type\":\"url\"}],\"link_preview_options\":{\"url\":\"https://www.tradingview.com/x/86n1i6AO/\"}}}', '2025-10-22 09:12:36', '2025-10-22 09:12:42', 'completed', '{\"op_type\":\"LONG\",\"stoploss\":[3965,3989.9],\"entry\":4000,\"tps\":[4009,4016.4,4024.7,4032.5,4043]}', 'LONG'),
(66, 'CL', 'uploads/trades/2025-10-22_CL.png', 'https://www.tradingview.com/x/UA1pkqVl/', 'Sentimiento #CL https://www.tradingview.com/x/UA1pkqVl/', '{\"update_id\":474205702,\n\"message\":{\"message_id\":113239,\"from\":{\"id\":603500055,\"is_bot\":false,\"first_name\":\"Favio\",\"last_name\":\"Schneeberger\",\"username\":\"FavioSchneeberger\"},\"chat\":{\"id\":-1001196812259,\"title\":\"AT VIP Canal\",\"type\":\"supergroup\"},\"date\":1761135638,\"text\":\"Sentimiento #CL https://www.tradingview.com/x/UA1pkqVl/\",\"entities\":[{\"offset\":12,\"length\":3,\"type\":\"hashtag\"},{\"offset\":16,\"length\":39,\"type\":\"url\"}],\"link_preview_options\":{\"url\":\"https://www.tradingview.com/x/UA1pkqVl/\"}}}', '2025-10-22 09:20:40', '2025-10-22 09:20:43', 'completed', '{\"op_type\":\"LONG\",\"stoploss\":[57.92,58.31],\"entry\":58.45,\"tps\":[58.58,58.71,58.84,59.03,59.3]}', 'LONG'),
(67, 'BTCUSD', 'uploads/trades/2025-10-22_BTCUSD.png', 'https://www.tradingview.com/x/bvcXBwBr/', 'Sentimiento #BTCusd (M45) https://www.tradingview.com/x/bvcXBwBr/', '{\"update_id\":474205709,\n\"message\":{\"message_id\":113246,\"from\":{\"id\":603500055,\"is_bot\":false,\"first_name\":\"Favio\",\"last_name\":\"Schneeberger\",\"username\":\"FavioSchneeberger\"},\"chat\":{\"id\":-1001196812259,\"title\":\"AT VIP Canal\",\"type\":\"supergroup\"},\"date\":1761136093,\"text\":\"Sentimiento #BTCusd (M45) https://www.tradingview.com/x/bvcXBwBr/\",\"entities\":[{\"offset\":12,\"length\":7,\"type\":\"hashtag\"},{\"offset\":26,\"length\":39,\"type\":\"url\"}],\"link_preview_options\":{\"url\":\"https://www.tradingview.com/x/bvcXBwBr/\"}}}', '2025-10-22 09:28:14', '2025-10-22 09:28:21', 'completed', '{\"op_type\":\"SHORT\",\"stoploss\":[111.56,104.544],\"entry\":103.108,\"tps\":[101.808,100.321,98.942,97.97,96.34]}', 'SHORT'),
(68, 'ES', 'uploads/trades/2025-10-22_ES.png', 'https://www.tradingview.com/x/bDPu2MFl/', 'Sentimiento #ES https://www.tradingview.com/x/bDPu2MFl/', '{\"update_id\":474205711,\n\"message\":{\"message_id\":113248,\"from\":{\"id\":603500055,\"is_bot\":false,\"first_name\":\"Favio\",\"last_name\":\"Schneeberger\",\"username\":\"FavioSchneeberger\"},\"chat\":{\"id\":-1001196812259,\"title\":\"AT VIP Canal\",\"type\":\"supergroup\"},\"date\":1761136510,\"text\":\"Sentimiento #ES https://www.tradingview.com/x/bDPu2MFl/\",\"entities\":[{\"offset\":12,\"length\":3,\"type\":\"hashtag\"},{\"offset\":16,\"length\":39,\"type\":\"url\"}],\"link_preview_options\":{\"url\":\"https://www.tradingview.com/x/bDPu2MFl/\"}}}', '2025-10-22 09:36:12', '2025-10-22 09:36:15', 'completed', '{\"op_type\":\"SHORT\",\"stoploss\":[6833,6807.75],\"entry\":6798.5,\"tps\":[6791,6784.5,6776.75,6767.5,6747.25]}', 'SHORT'),
(69, 'ES', 'uploads/trades/2025-10-22_ES.png', 'https://www.tradingview.com/x/bDPu2MFl/', 'Sentimiento #ES https://www.tradingview.com/x/bDPu2MFl/', '{\"update_id\":474205711,\n\"message\":{\"message_id\":113248,\"from\":{\"id\":603500055,\"is_bot\":false,\"first_name\":\"Favio\",\"last_name\":\"Schneeberger\",\"username\":\"FavioSchneeberger\"},\"chat\":{\"id\":-1001196812259,\"title\":\"AT VIP Canal\",\"type\":\"supergroup\"},\"date\":1761136510,\"text\":\"Sentimiento #ES https://www.tradingview.com/x/bDPu2MFl/\",\"entities\":[{\"offset\":12,\"length\":3,\"type\":\"hashtag\"},{\"offset\":16,\"length\":39,\"type\":\"url\"}],\"link_preview_options\":{\"url\":\"https://www.tradingview.com/x/bDPu2MFl/\"}}}', '2025-10-22 09:37:21', '2025-10-22 09:37:24', 'completed', '{\"op_type\":\"SHORT\",\"stoploss\":[6857.5,6833],\"entry\":6807.75,\"tps\":[6798.5,6791,6784.5,6776.75,6767.5]}', 'SHORT'),
(70, 'NQ', 'uploads/trades/2025-10-22_NQ.png', 'https://www.tradingview.com/x/B1F9qxPx/', 'Sentimiento #NQ https://www.tradingview.com/x/B1F9qxPx/', '{\"update_id\":474205712,\n\"message\":{\"message_id\":113249,\"from\":{\"id\":603500055,\"is_bot\":false,\"first_name\":\"Favio\",\"last_name\":\"Schneeberger\",\"username\":\"FavioSchneeberger\"},\"chat\":{\"id\":-1001196812259,\"title\":\"AT VIP Canal\",\"type\":\"supergroup\"},\"date\":1761136722,\"text\":\"Sentimiento #NQ https://www.tradingview.com/x/B1F9qxPx/\",\"entities\":[{\"offset\":12,\"length\":3,\"type\":\"hashtag\"},{\"offset\":16,\"length\":39,\"type\":\"url\"}],\"link_preview_options\":{\"url\":\"https://www.tradingview.com/x/B1F9qxPx/\"}}}', '2025-10-22 09:38:43', '2025-10-22 09:38:48', 'completed', '{\"op_type\":\"SHORT\",\"stoploss\":[25662.75,25515],\"entry\":25427.5,\"tps\":[25358,25321.25,25285.25,25242.75,25187]}', 'SHORT'),
(71, 'RTY', 'uploads/trades/2025-10-22_RTY.png', 'https://www.tradingview.com/x/5fQwPVoD/', 'Sentimiento #RTY https://www.tradingview.com/x/5fQwPVoD/', '{\"update_id\":474205713,\n\"message\":{\"message_id\":113250,\"from\":{\"id\":603500055,\"is_bot\":false,\"first_name\":\"Favio\",\"last_name\":\"Schneeberger\",\"username\":\"FavioSchneeberger\"},\"chat\":{\"id\":-1001196812259,\"title\":\"AT VIP Canal\",\"type\":\"supergroup\"},\"date\":1761136904,\"text\":\"Sentimiento #RTY https://www.tradingview.com/x/5fQwPVoD/\",\"entities\":[{\"offset\":12,\"length\":4,\"type\":\"hashtag\"},{\"offset\":17,\"length\":39,\"type\":\"url\"}],\"link_preview_options\":{\"url\":\"https://www.tradingview.com/x/5fQwPVoD/\"}}}', '2025-10-22 09:41:46', '2025-10-22 09:41:52', 'completed', '{\"op_type\":\"LONG\",\"stoploss\":[2473.4,2487.7],\"entry\":2489.1,\"tps\":[2493.8,2498.6,2504,2509.3,2518.8]}', 'LONG'),
(72, 'EURUSD', 'uploads/trades/2025-10-23_EURUSD.png', 'https://www.tradingview.com/x/EwFcNvxv/', 'Sentimiento #EURUSD https://www.tradingview.com/x/EwFcNvxv/', '{\"update_id\":474205781,\n\"message\":{\"message_id\":113318,\"from\":{\"id\":603500055,\"is_bot\":false,\"first_name\":\"Favio\",\"last_name\":\"Schneeberger\",\"username\":\"FavioSchneeberger\"},\"chat\":{\"id\":-1001196812259,\"title\":\"AT VIP Canal\",\"type\":\"supergroup\"},\"date\":1761219915,\"text\":\"Sentimiento #EURUSD https://www.tradingview.com/x/EwFcNvxv/\",\"entities\":[{\"offset\":12,\"length\":7,\"type\":\"hashtag\"},{\"offset\":20,\"length\":39,\"type\":\"url\"}],\"link_preview_options\":{\"url\":\"https://www.tradingview.com/x/EwFcNvxv/\"}}}', '2025-10-23 08:45:16', '2025-10-23 08:45:20', 'completed', '{\"op_type\":\"LONG\",\"stoploss\":[1.15521,1.15808],\"entry\":1.1597,\"tps\":[1.16063,1.16151,1.16267,1.16442,1.199]}', 'LONG'),
(73, 'USDBRL', 'uploads/trades/2025-10-23_USDBRL.png', 'https://www.tradingview.com/x/s3fM5HN0/', 'Sentimiento #USDBRL https://www.tradingview.com/x/s3fM5HN0/', '{\"update_id\":474205783,\n\"message\":{\"message_id\":113320,\"from\":{\"id\":603500055,\"is_bot\":false,\"first_name\":\"Favio\",\"last_name\":\"Schneeberger\",\"username\":\"FavioSchneeberger\"},\"chat\":{\"id\":-1001196812259,\"title\":\"AT VIP Canal\",\"type\":\"supergroup\"},\"date\":1761220099,\"text\":\"Sentimiento #USDBRL https://www.tradingview.com/x/s3fM5HN0/\",\"entities\":[{\"offset\":12,\"length\":7,\"type\":\"hashtag\"},{\"offset\":20,\"length\":39,\"type\":\"url\"}],\"link_preview_options\":{\"url\":\"https://www.tradingview.com/x/s3fM5HN0/\"}}}', '2025-10-23 08:48:20', '2025-10-23 08:48:25', 'completed', '{\"op_type\":\"SHORT\",\"stoploss\":[5.4434,5.4259],\"entry\":5.4162,\"tps\":[5.4082,5.4003,5.3921,5.3842,5.3648]}', 'SHORT'),
(74, 'ZS', 'uploads/trades/2025-10-23_ZS.png', 'https://www.tradingview.com/x/nm2FYKdn/', 'Sentimiento #ZS https://www.tradingview.com/x/nm2FYKdn/', '{\"update_id\":474205786,\n\"message\":{\"message_id\":113323,\"from\":{\"id\":603500055,\"is_bot\":false,\"first_name\":\"Favio\",\"last_name\":\"Schneeberger\",\"username\":\"FavioSchneeberger\"},\"chat\":{\"id\":-1001196812259,\"title\":\"AT VIP Canal\",\"type\":\"supergroup\"},\"date\":1761220219,\"text\":\"Sentimiento #ZS https://www.tradingview.com/x/nm2FYKdn/\",\"entities\":[{\"offset\":12,\"length\":3,\"type\":\"hashtag\"},{\"offset\":16,\"length\":39,\"type\":\"url\"}],\"link_preview_options\":{\"url\":\"https://www.tradingview.com/x/nm2FYKdn/\"}}}', '2025-10-23 08:50:20', '2025-10-23 08:50:24', 'completed', '{\"op_type\":\"LONG\",\"stoploss\":[10502,10536],\"entry\":10554,\"tps\":[10572,10590,10610,10626,10676]}', 'LONG'),
(75, 'GC', 'uploads/trades/2025-10-23_GC.png', 'https://www.tradingview.com/x/tlLS9SRd/', 'Sentimiento #GC https://www.tradingview.com/x/tlLS9SRd/', '{\"update_id\":474205788,\n\"message\":{\"message_id\":113325,\"from\":{\"id\":603500055,\"is_bot\":false,\"first_name\":\"Favio\",\"last_name\":\"Schneeberger\",\"username\":\"FavioSchneeberger\"},\"chat\":{\"id\":-1001196812259,\"title\":\"AT VIP Canal\",\"type\":\"supergroup\"},\"date\":1761220502,\"text\":\"Sentimiento #GC https://www.tradingview.com/x/tlLS9SRd/\",\"entities\":[{\"offset\":12,\"length\":3,\"type\":\"hashtag\"},{\"offset\":16,\"length\":39,\"type\":\"url\"}],\"link_preview_options\":{\"url\":\"https://www.tradingview.com/x/tlLS9SRd/\"}}}', '2025-10-23 08:55:03', '2025-10-23 08:55:09', 'completed', '{\"op_type\":\"LONG\",\"stoploss\":[4092.5,4118],\"entry\":4128.5,\"tps\":[4137.8,4145.4,4154,4162,4172.8]}', 'LONG'),
(76, 'CL', 'uploads/trades/2025-10-23_CL.png', 'https://www.tradingview.com/x/tHWZ6klK/', 'Sentimiento #CL https://www.tradingview.com/x/tHWZ6klK/', '{\"update_id\":474205790,\n\"message\":{\"message_id\":113327,\"from\":{\"id\":603500055,\"is_bot\":false,\"first_name\":\"Favio\",\"last_name\":\"Schneeberger\",\"username\":\"FavioSchneeberger\"},\"chat\":{\"id\":-1001196812259,\"title\":\"AT VIP Canal\",\"type\":\"supergroup\"},\"date\":1761221089,\"text\":\"Sentimiento #CL https://www.tradingview.com/x/tHWZ6klK/\",\"entities\":[{\"offset\":12,\"length\":3,\"type\":\"hashtag\"},{\"offset\":16,\"length\":39,\"type\":\"url\"}],\"link_preview_options\":{\"url\":\"https://www.tradingview.com/x/tHWZ6klK/\"}}}', '2025-10-23 09:04:50', '2025-10-23 09:04:55', 'completed', '{\"op_type\":\"LONG\",\"stoploss\":[59.58,60.02],\"entry\":60.99,\"tps\":[61.3,61.55,61.72,61.88,62.05]}', 'LONG'),
(77, 'VIX', 'uploads/trades/2025-10-23_VIX.png', 'https://www.tradingview.com/x/gVybnngf/', 'Sentimiento #VIX  https://www.tradingview.com/x/gVybnngf/', '{\"update_id\":474205792,\n\"message\":{\"message_id\":113329,\"from\":{\"id\":603500055,\"is_bot\":false,\"first_name\":\"Favio\",\"last_name\":\"Schneeberger\",\"username\":\"FavioSchneeberger\"},\"chat\":{\"id\":-1001196812259,\"title\":\"AT VIP Canal\",\"type\":\"supergroup\"},\"date\":1761221782,\"text\":\"Sentimiento #VIX  https://www.tradingview.com/x/gVybnngf/\",\"entities\":[{\"offset\":12,\"length\":4,\"type\":\"hashtag\"},{\"offset\":18,\"length\":39,\"type\":\"url\"}],\"link_preview_options\":{\"url\":\"https://www.tradingview.com/x/gVybnngf/\"}}}', '2025-10-23 09:16:24', '2025-10-23 09:16:29', 'completed', '{\"op_type\":\"SHORT\",\"stoploss\":[20.69,19.79],\"entry\":19.28,\"tps\":[19.08,18.83,18.59,18.28,17.52]}', 'SHORT'),
(78, 'BTCUSD', 'uploads/trades/2025-10-23_BTCUSD.png', 'https://www.tradingview.com/x/9cgoUspN/', 'Sentimiento #BTCusd (M45) https://www.tradingview.com/x/9cgoUspN/', '{\"update_id\":474205794,\n\"message\":{\"message_id\":113331,\"from\":{\"id\":603500055,\"is_bot\":false,\"first_name\":\"Favio\",\"last_name\":\"Schneeberger\",\"username\":\"FavioSchneeberger\"},\"chat\":{\"id\":-1001196812259,\"title\":\"AT VIP Canal\",\"type\":\"supergroup\"},\"date\":1761222385,\"text\":\"Sentimiento #BTCusd (M45) https://www.tradingview.com/x/9cgoUspN/\",\"entities\":[{\"offset\":12,\"length\":7,\"type\":\"hashtag\"},{\"offset\":26,\"length\":39,\"type\":\"url\"}],\"link_preview_options\":{\"url\":\"https://www.tradingview.com/x/9cgoUspN/\"}}}', '2025-10-23 09:26:26', '2025-10-23 09:26:30', 'completed', '{\"op_type\":\"SHORT\",\"stoploss\":[116.999,113.443],\"entry\":112.096,\"tps\":[111.146,110.3,109.76,109.112,107.36]}', 'SHORT'),
(79, 'ES', 'uploads/trades/2025-10-23_ES.png', 'https://www.tradingview.com/x/9WL3HTQ5/', 'Sentimiento #ES https://www.tradingview.com/x/9WL3HTQ5/', '{\"update_id\":474205803,\n\"message\":{\"message_id\":113340,\"from\":{\"id\":603500055,\"is_bot\":false,\"first_name\":\"Favio\",\"last_name\":\"Schneeberger\",\"username\":\"FavioSchneeberger\"},\"chat\":{\"id\":-1001196812259,\"title\":\"AT VIP Canal\",\"type\":\"supergroup\"},\"date\":1761223396,\"text\":\"Sentimiento #ES https://www.tradingview.com/x/9WL3HTQ5/\",\"entities\":[{\"offset\":12,\"length\":3,\"type\":\"hashtag\"},{\"offset\":16,\"length\":39,\"type\":\"url\"}],\"link_preview_options\":{\"url\":\"https://www.tradingview.com/x/9WL3HTQ5/\"}}}', '2025-10-23 09:43:17', '2025-10-23 09:43:22', 'completed', '{\"op_type\":\"LONG\",\"stoploss\":[6699,6713],\"entry\":6722,\"tps\":[6730,6736.25,6743.75,6752.75,6767.75]}', 'LONG'),
(80, 'NQ', 'uploads/trades/2025-10-23_NQ.png', 'https://www.tradingview.com/x/VPn84lGZ/', 'Sentimiento #NQ https://www.tradingview.com/x/VPn84lGZ/', '{\"update_id\":474205804,\n\"message\":{\"message_id\":113341,\"from\":{\"id\":603500055,\"is_bot\":false,\"first_name\":\"Favio\",\"last_name\":\"Schneeberger\",\"username\":\"FavioSchneeberger\"},\"chat\":{\"id\":-1001196812259,\"title\":\"AT VIP Canal\",\"type\":\"supergroup\"},\"date\":1761223557,\"text\":\"Sentimiento #NQ https://www.tradingview.com/x/VPn84lGZ/\",\"entities\":[{\"offset\":12,\"length\":3,\"type\":\"hashtag\"},{\"offset\":16,\"length\":39,\"type\":\"url\"}],\"link_preview_options\":{\"url\":\"https://www.tradingview.com/x/VPn84lGZ/\"}}}', '2025-10-23 09:45:59', '2025-10-23 09:46:03', 'completed', '{\"op_type\":\"LONG\",\"stoploss\":[24860,24902.5],\"entry\":24957.75,\"tps\":[24991.5,25027.25,25063.5,25103.25,25227]}', 'LONG'),
(81, 'RTY', 'uploads/trades/2025-10-23_RTY.png', 'https://www.tradingview.com/x/tIqDlvK1/', 'Sentimiento #RTY https://www.tradingview.com/x/tIqDlvK1/', '{\"update_id\":474205805,\n\"message\":{\"message_id\":113342,\"from\":{\"id\":603500055,\"is_bot\":false,\"first_name\":\"Favio\",\"last_name\":\"Schneeberger\",\"username\":\"FavioSchneeberger\"},\"chat\":{\"id\":-1001196812259,\"title\":\"AT VIP Canal\",\"type\":\"supergroup\"},\"date\":1761223662,\"text\":\"Sentimiento #RTY https://www.tradingview.com/x/tIqDlvK1/\",\"entities\":[{\"offset\":12,\"length\":4,\"type\":\"hashtag\"},{\"offset\":17,\"length\":39,\"type\":\"url\"}],\"link_preview_options\":{\"url\":\"https://www.tradingview.com/x/tIqDlvK1/\"}}}', '2025-10-23 09:47:44', '2025-10-23 09:47:49', 'completed', '{\"op_type\":\"LONG\",\"stoploss\":[2409.3,2451.9],\"entry\":2461.1,\"tps\":[2467.4,2472.1,2476.9,2482.2,2487.4]}', 'LONG'),
(82, 'GC', 'uploads/trades/2025-10-24_GC.png', 'https://www.tradingview.com/x/O4xugBa3/', 'Sentimiento #GC https://www.tradingview.com/x/O4xugBa3/', '{\"update_id\":474205894,\n\"message\":{\"message_id\":113430,\"from\":{\"id\":603500055,\"is_bot\":false,\"first_name\":\"Favio\",\"last_name\":\"Schneeberger\",\"username\":\"FavioSchneeberger\"},\"chat\":{\"id\":-1001196812259,\"title\":\"AT VIP Canal\",\"type\":\"supergroup\"},\"date\":1761307299,\"text\":\"Sentimiento #GC https://www.tradingview.com/x/O4xugBa3/\",\"entities\":[{\"offset\":12,\"length\":3,\"type\":\"hashtag\"},{\"offset\":16,\"length\":39,\"type\":\"url\"}],\"link_preview_options\":{\"url\":\"https://www.tradingview.com/x/O4xugBa3/\"}}}', '2025-10-24 09:01:40', '2025-10-24 09:01:44', 'completed', '{\"op_type\":\"SHORT\",\"stoploss\":[4174.9,4160.9],\"entry\":4138,\"tps\":[4118.5,4107.9,4099.9,4091.5,4083.9]}', 'SHORT'),
(83, 'USDBRL', 'uploads/trades/2025-10-24_USDBRL.png', 'https://www.tradingview.com/x/65HlYd3y/', 'Sentimiento #USDBRL https://www.tradingview.com/x/65HlYd3y/', '{\"update_id\":474205896,\n\"message\":{\"message_id\":113432,\"from\":{\"id\":603500055,\"is_bot\":false,\"first_name\":\"Favio\",\"last_name\":\"Schneeberger\",\"username\":\"FavioSchneeberger\"},\"chat\":{\"id\":-1001196812259,\"title\":\"AT VIP Canal\",\"type\":\"supergroup\"},\"date\":1761307366,\"text\":\"Sentimiento #USDBRL https://www.tradingview.com/x/65HlYd3y/\",\"entities\":[{\"offset\":12,\"length\":7,\"type\":\"hashtag\"},{\"offset\":20,\"length\":39,\"type\":\"url\"}],\"link_preview_options\":{\"url\":\"https://www.tradingview.com/x/65HlYd3y/\"}}}', '2025-10-24 09:02:47', '2025-10-24 09:02:53', 'completed', '{\"op_type\":\"LONG\",\"stoploss\":[5.3177,5.3393],\"entry\":5.3586,\"tps\":[5.3664,5.3746,5.378,5.3825,5.3904]}', 'LONG'),
(84, 'CL', 'uploads/trades/2025-10-24_CL.png', 'https://www.tradingview.com/x/HMudTIY4/', 'Sentimiento #CL https://www.tradingview.com/x/HMudTIY4/', '{\"update_id\":474205899,\n\"message\":{\"message_id\":113435,\"from\":{\"id\":603500055,\"is_bot\":false,\"first_name\":\"Favio\",\"last_name\":\"Schneeberger\",\"username\":\"FavioSchneeberger\"},\"chat\":{\"id\":-1001196812259,\"title\":\"AT VIP Canal\",\"type\":\"supergroup\"},\"date\":1761307570,\"text\":\"Sentimiento #CL https://www.tradingview.com/x/HMudTIY4/\",\"entities\":[{\"offset\":12,\"length\":3,\"type\":\"hashtag\"},{\"offset\":16,\"length\":39,\"type\":\"url\"}],\"link_preview_options\":{\"url\":\"https://www.tradingview.com/x/HMudTIY4/\"}}}', '2025-10-24 09:06:12', '2025-10-24 09:06:16', 'completed', '{\"op_type\":\"SHORT\",\"stoploss\":[64.44,63.83],\"entry\":63.39,\"tps\":[63.12,62.94,62.77,62.61,62.42]}', 'SHORT'),
(85, 'EURUSD', 'uploads/trades/2025-10-24_EURUSD.png', 'https://www.tradingview.com/x/HnIFnCAM/', 'Sentimiento #EURUSD https://www.tradingview.com/x/HnIFnCAM/', '{\"update_id\":474205901,\n\"message\":{\"message_id\":113437,\"from\":{\"id\":603500055,\"is_bot\":false,\"first_name\":\"Favio\",\"last_name\":\"Schneeberger\",\"username\":\"FavioSchneeberger\"},\"chat\":{\"id\":-1001196812259,\"title\":\"AT VIP Canal\",\"type\":\"supergroup\"},\"date\":1761307885,\"text\":\"Sentimiento #EURUSD https://www.tradingview.com/x/HnIFnCAM/\",\"entities\":[{\"offset\":12,\"length\":7,\"type\":\"hashtag\"},{\"offset\":20,\"length\":39,\"type\":\"url\"}],\"link_preview_options\":{\"url\":\"https://www.tradingview.com/x/HnIFnCAM/\"}}}', '2025-10-24 09:11:26', '2025-10-24 09:11:31', 'completed', '{\"op_type\":\"LONG\",\"stoploss\":[1.15755,1.1602],\"entry\":1.1612,\"tps\":[1.16205,1.16283,1.16356,1.16463,1.16678]}', 'LONG'),
(86, 'ZS', 'uploads/trades/2025-10-24_ZS.png', 'https://www.tradingview.com/x/uhcN9fjD/', 'Sentimiento #ZS https://www.tradingview.com/x/uhcN9fjD/', '{\"update_id\":474205903,\n\"message\":{\"message_id\":113439,\"from\":{\"id\":603500055,\"is_bot\":false,\"first_name\":\"Favio\",\"last_name\":\"Schneeberger\",\"username\":\"FavioSchneeberger\"},\"chat\":{\"id\":-1001196812259,\"title\":\"AT VIP Canal\",\"type\":\"supergroup\"},\"date\":1761308207,\"text\":\"Sentimiento #ZS https://www.tradingview.com/x/uhcN9fjD/\",\"entities\":[{\"offset\":12,\"length\":3,\"type\":\"hashtag\"},{\"offset\":16,\"length\":39,\"type\":\"url\"}],\"link_preview_options\":{\"url\":\"https://www.tradingview.com/x/uhcN9fjD/\"}}}', '2025-10-24 09:16:48', '2025-10-24 09:16:52', 'completed', '{\"op_type\":\"LONG\",\"stoploss\":[1055.6,1059.4],\"entry\":1060.6,\"tps\":[1062.2,1064,1066,1068.4,1075]}', 'LONG'),
(87, 'VIX', 'uploads/trades/2025-10-24_VIX.png', 'https://www.tradingview.com/x/kFIeoNJa/', 'Sentimiento #VIX https://www.tradingview.com/x/kFIeoNJa/', '{\"update_id\":474205906,\n\"message\":{\"message_id\":113442,\"from\":{\"id\":603500055,\"is_bot\":false,\"first_name\":\"Favio\",\"last_name\":\"Schneeberger\",\"username\":\"FavioSchneeberger\"},\"chat\":{\"id\":-1001196812259,\"title\":\"AT VIP Canal\",\"type\":\"supergroup\"},\"date\":1761308634,\"text\":\"Sentimiento #VIX https://www.tradingview.com/x/kFIeoNJa/\",\"entities\":[{\"offset\":12,\"length\":4,\"type\":\"hashtag\"},{\"offset\":17,\"length\":39,\"type\":\"url\"}],\"link_preview_options\":{\"url\":\"https://www.tradingview.com/x/kFIeoNJa/\"}}}', '2025-10-24 09:23:56', '2025-10-24 09:24:00', 'completed', '{\"op_type\":\"SHORT\",\"stoploss\":[21.36,18.54],\"entry\":17.73,\"tps\":[17.13,16.66,16.58,16.31,16.04]}', 'SHORT'),
(88, 'ES', 'uploads/trades/2025-10-24_ES.png', 'https://www.tradingview.com/x/3L3Yb0DA/', 'Sentimiento #ES https://www.tradingview.com/x/3L3Yb0DA/', '{\"update_id\":474205908,\n\"message\":{\"message_id\":113444,\"from\":{\"id\":603500055,\"is_bot\":false,\"first_name\":\"Favio\",\"last_name\":\"Schneeberger\",\"username\":\"FavioSchneeberger\"},\"chat\":{\"id\":-1001196812259,\"title\":\"AT VIP Canal\",\"type\":\"supergroup\"},\"date\":1761308998,\"text\":\"Sentimiento #ES https://www.tradingview.com/x/3L3Yb0DA/\",\"entities\":[{\"offset\":12,\"length\":3,\"type\":\"hashtag\"},{\"offset\":16,\"length\":39,\"type\":\"url\"}],\"link_preview_options\":{\"url\":\"https://www.tradingview.com/x/3L3Yb0DA/\"}}}', '2025-10-24 09:30:00', '2025-10-24 09:30:04', 'completed', '{\"op_type\":\"LONG\",\"stoploss\":[6745.75,6759.75],\"entry\":6769,\"tps\":[6776.75,6783.25,6790.75,6800,6815]}', 'LONG'),
(89, 'NQ', 'uploads/trades/2025-10-24_NQ.png', 'https://www.tradingview.com/x/uwR3GTpd/', 'Sentimiento #NQ Aguardar consolidación https://www.tradingview.com/x/uwR3GTpd/', '{\"update_id\":474205909,\n\"message\":{\"message_id\":113445,\"from\":{\"id\":603500055,\"is_bot\":false,\"first_name\":\"Favio\",\"last_name\":\"Schneeberger\",\"username\":\"FavioSchneeberger\"},\"chat\":{\"id\":-1001196812259,\"title\":\"AT VIP Canal\",\"type\":\"supergroup\"},\"date\":1761309078,\"text\":\"Sentimiento #NQ Aguardar consolidaci\\u00f3n https://www.tradingview.com/x/uwR3GTpd/\",\"entities\":[{\"offset\":12,\"length\":3,\"type\":\"hashtag\"},{\"offset\":39,\"length\":39,\"type\":\"url\"}],\"link_preview_options\":{\"url\":\"https://www.tradingview.com/x/uwR3GTpd/\"}}}', '2025-10-24 09:31:19', '2025-10-24 09:31:23', 'completed', '{\"op_type\":\"LONG\",\"stoploss\":[25333.75,25424.5],\"entry\":25481.5,\"tps\":[25515.5,25551.75,25589,25629.5,25755.75]}', 'LONG'),
(90, 'RTY', 'uploads/trades/2025-10-24_RTY.png', 'https://www.tradingview.com/x/cn9SQJwQ/', 'Sentimiento #RTY https://www.tradingview.com/x/cn9SQJwQ/', '{\"update_id\":474205915,\n\"message\":{\"message_id\":113451,\"from\":{\"id\":603500055,\"is_bot\":false,\"first_name\":\"Favio\",\"last_name\":\"Schneeberger\",\"username\":\"FavioSchneeberger\"},\"chat\":{\"id\":-1001196812259,\"title\":\"AT VIP Canal\",\"type\":\"supergroup\"},\"date\":1761309434,\"text\":\"Sentimiento #RTY https://www.tradingview.com/x/cn9SQJwQ/\",\"entities\":[{\"offset\":12,\"length\":4,\"type\":\"hashtag\"},{\"offset\":17,\"length\":39,\"type\":\"url\"}],\"link_preview_options\":{\"url\":\"https://www.tradingview.com/x/cn9SQJwQ/\"}}}', '2025-10-24 09:37:15', '2025-10-24 09:37:19', 'completed', '{\"op_type\":\"LONG\",\"stoploss\":[2512.9,2525.2],\"entry\":2530.8,\"tps\":[2536.5,2541.4,2546.8,2552.2,2561.9]}', 'LONG'),
(91, 'BTCUSD', 'uploads/trades/2025-10-24_BTCUSD.png', 'https://www.tradingview.com/x/1gTjcma2/', 'Sentimiento #BTCusd (M45) https://www.tradingview.com/x/1gTjcma2/', '{\"update_id\":474205922,\n\"message\":{\"message_id\":113458,\"from\":{\"id\":603500055,\"is_bot\":false,\"first_name\":\"Favio\",\"last_name\":\"Schneeberger\",\"username\":\"FavioSchneeberger\"},\"chat\":{\"id\":-1001196812259,\"title\":\"AT VIP Canal\",\"type\":\"supergroup\"},\"date\":1761309908,\"text\":\"Sentimiento #BTCusd (M45) https://www.tradingview.com/x/1gTjcma2/\",\"entities\":[{\"offset\":12,\"length\":7,\"type\":\"hashtag\"},{\"offset\":26,\"length\":39,\"type\":\"url\"}],\"link_preview_options\":{\"url\":\"https://www.tradingview.com/x/1gTjcma2/\"}}}', '2025-10-24 09:45:09', '2025-10-24 09:45:13', 'completed', '{\"op_type\":\"SHORT\",\"stoploss\":[117.372,115.795],\"entry\":114.421,\"tps\":[113.451,112.588,112.036,111.375,109.586]}', 'SHORT');

-- --------------------------------------------------------

--
-- Estructura de tabla para la tabla `trades`
--

CREATE TABLE `trades` (
  `id` int(11) NOT NULL,
  `user_id` int(11) NOT NULL,
  `strategy_id` int(11) NOT NULL,
  `order_id` varchar(100) DEFAULT NULL,
  `symbol` varchar(20) NOT NULL,
  `timeframe` varchar(10) NOT NULL,
  `side` enum('BUY','SELL') NOT NULL,
  `trade_type` enum('spot','futures','forex','indices','commodities') NOT NULL,
  `mt_signal_id` int(11) DEFAULT NULL,
  `environment` enum('production','sandbox') NOT NULL DEFAULT 'production',
  `quantity` decimal(18,8) NOT NULL,
  `entry_price` decimal(18,8) NOT NULL,
  `current_price` decimal(18,8) DEFAULT NULL,
  `leverage` int(11) DEFAULT 1,
  `take_profit` decimal(18,8) DEFAULT NULL,
  `stop_loss` decimal(18,8) DEFAULT NULL,
  `exit_price` decimal(18,8) DEFAULT NULL,
  `pnl` decimal(18,8) DEFAULT NULL,
  `status` enum('open','closed') NOT NULL DEFAULT 'open',
  `webhook_data` text DEFAULT NULL,
  `position_id` varchar(50) DEFAULT NULL,
  `created_at` datetime NOT NULL DEFAULT current_timestamp(),
  `updated_at` datetime DEFAULT NULL ON UPDATE current_timestamp(),
  `closed_at` datetime DEFAULT NULL
) ENGINE=InnoDB DEFAULT CHARSET=utf8mb4 COLLATE=utf8mb4_general_ci;

--
-- Volcado de datos para la tabla `trades`
--

INSERT INTO `trades` (`id`, `user_id`, `strategy_id`, `order_id`, `symbol`, `timeframe`, `side`, `trade_type`, `mt_signal_id`, `environment`, `quantity`, `entry_price`, `current_price`, `leverage`, `take_profit`, `stop_loss`, `exit_price`, `pnl`, `status`, `webhook_data`, `position_id`, `created_at`, `updated_at`, `closed_at`) VALUES
(36, 1, 4, '1965305812029018112', 'BTCUSDT', '60', 'BUY', 'futures', NULL, 'production', '0.00708000', '112889.40000000', '112889.40000000', 8, NULL, NULL, '112480.20000000', '-2.89713600', 'closed', '{\"user_id\":1,\"strategy_id\":\"FUT_BTC_H1_GANN\",\"ticker\":\"BTCUSDT\",\"timeframe\":\"60\",\"action\":\"BUY\",\"quantity\":\"0.00708\",\"position_id\":\"1757372400\",\"leverage\":8,\"environment\":\"production\"}', '1757372400', '2025-09-09 03:46:34', '2025-09-09 08:58:45', '2025-09-09 08:58:45'),
(37, 1, 6, '1965686709358170112', 'ETHUSDT', '60', 'BUY', 'futures', NULL, 'production', '0.18470000', '4328.41000000', '4391.35000000', 8, NULL, NULL, '4403.56000000', '13.88020500', 'closed', '{\"user_id\":1,\"strategy_id\":\"FUT_ETH_H1_URSI_TREND\",\"ticker\":\"ETHUSDT\",\"timeframe\":\"60\",\"action\":\"BUY\",\"quantity\":\"0.1847\",\"position_id\":\"1757487600\",\"leverage\":8,\"environment\":\"production\"}', '1757487600', '2025-09-10 05:00:07', '2025-09-11 01:00:12', '2025-09-11 01:00:12'),
(38, 1, 11, '1965754733255725056', 'BTCUSDT', '60', 'BUY', 'futures', NULL, 'production', '0.01765000', '113339.40000000', '114027.80000000', 8, NULL, NULL, '114356.70000000', '17.95534500', 'closed', '{\"user_id\":1,\"strategy_id\":\"FUT_BTC_H1_TEMA_ST_BELOW_MA\",\"ticker\":\"BTCUSDT\",\"timeframe\":\"60\",\"action\":\"BUY\",\"quantity\":\"0.01765\",\"position_id\":\"1757444400\",\"leverage\":8,\"environment\":\"production\"}', '1757444400', '2025-09-10 09:30:25', '2025-09-11 01:00:06', '2025-09-11 01:00:06'),
(39, 1, 2, '1965928299553099776', 'BTCUSDT', '60', 'BUY', 'futures', NULL, 'production', '0.00702000', '113882.70000000', '114437.60000000', 8, NULL, NULL, '114970.60000000', '7.63705800', 'closed', '{\"user_id\":1,\"strategy_id\":\"FUT_BTC_H1_TREND_ALIGNED_RSI\",\"ticker\":\"BTCUSDT\",\"timeframe\":\"60\",\"action\":\"BUY\",\"quantity\":\"0.00702\",\"position_id\":\"1757545200\",\"leverage\":8,\"environment\":\"production\"}', '1757545200', '2025-09-10 21:00:07', '2025-09-12 05:06:41', '2025-09-12 05:06:41'),
(40, 1, 6, '1966018902689320960', 'ETHUSDT', '60', 'BUY', 'futures', NULL, 'production', '0.18100000', '4416.49000000', '4419.86000000', 8, NULL, NULL, '4428.78000000', '2.22449000', 'closed', '{\"user_id\":1,\"strategy_id\":\"FUT_ETH_H1_URSI_TREND\",\"ticker\":\"ETHUSDT\",\"timeframe\":\"60\",\"action\":\"BUY\",\"quantity\":\"0.181\",\"position_id\":\"1757566800\",\"leverage\":8,\"environment\":\"production\"}', '1757566800', '2025-09-11 03:00:08', '2025-09-11 19:00:07', '2025-09-11 19:00:07'),
(41, 1, 8, '1966112825847844864', 'BTCUSDT', '60', 'BUY', 'futures', NULL, 'production', '0.01747000', '114443.20000000', '114437.60000000', 16, NULL, NULL, '115137.50000000', '12.12942100', 'closed', '{\"user_id\":1,\"strategy_id\":\"FUT_BTC_H1_TEMA_ST_OVER_MA\",\"ticker\":\"BTCUSDT\",\"timeframe\":\"60\",\"action\":\"BUY\",\"quantity\":\"0.01747\",\"position_id\":\"1757584800\",\"leverage\":16,\"environment\":\"production\"}', '1757584800', '2025-09-11 09:13:21', '2025-09-12 01:00:10', '2025-09-12 01:00:10'),
(42, 1, 9, '1966301825971785729', 'ETHUSDT', '60', 'BUY', 'futures', NULL, 'production', '0.17850000', '4489.22000000', '4489.22000000', 16, NULL, NULL, '4554.95000000', '11.73280500', 'closed', '{\"user_id\":1,\"strategy_id\":\"FUT_ETH_H1_TEMA_SUPERTREND\",\"ticker\":\"ETHUSDT\",\"timeframe\":\"60\",\"action\":\"BUY\",\"quantity\":\"0.1785\",\"position_id\":\"1757620800\",\"leverage\":16,\"environment\":\"production\"}', '1757620800', '2025-09-11 21:44:22', '2025-09-12 03:00:08', '2025-09-12 03:00:08'),
(43, 1, 6, '1966305792416026624', 'ETHUSDT', '60', 'BUY', 'futures', NULL, 'production', '0.17730000', '4514.71000000', '4514.71000000', 8, NULL, NULL, '4651.75000000', '24.29719200', 'closed', '{\"user_id\":1,\"strategy_id\":\"FUT_ETH_H1_URSI_TREND\",\"ticker\":\"ETHUSDT\",\"timeframe\":\"60\",\"action\":\"BUY\",\"quantity\":\"0.1773\",\"position_id\":\"1757635200\",\"leverage\":8,\"environment\":\"production\"}', '1757635200', '2025-09-11 22:00:08', '2025-09-13 13:00:05', '2025-09-13 13:00:05'),
(44, 1, 10, '1966504482128793600', 'ETHUSDT', '60', 'BUY', 'futures', NULL, 'production', '0.17530000', '4562.76000000', '4562.76000000', 8, NULL, NULL, '4654.08000000', '16.00839600', 'closed', '{\"user_id\":1,\"strategy_id\":\"FUT_ETH_H1_GANN\",\"ticker\":\"ETHUSDT\",\"timeframe\":\"60\",\"action\":\"BUY\",\"quantity\":\"0.1753\",\"position_id\":\"1757678400\",\"leverage\":8,\"environment\":\"production\"}', '1757678400', '2025-09-12 11:09:40', '2025-09-12 17:00:17', '2025-09-12 17:00:17'),
(45, 1, 4, '1966570098558767104', 'BTCUSDT', '60', 'BUY', 'futures', NULL, 'production', '0.00687000', '116292.50000000', '116292.50000000', 8, NULL, NULL, '115797.70000000', '-3.39927600', 'closed', '{\"user_id\":1,\"strategy_id\":\"FUT_BTC_H1_GANN\",\"ticker\":\"BTCUSDT\",\"timeframe\":\"60\",\"action\":\"BUY\",\"quantity\":\"0.00687\",\"position_id\":\"1757674800\",\"leverage\":8,\"environment\":\"production\"}', '1757674800', '2025-09-12 15:30:24', '2025-09-12 18:44:42', '2025-09-12 18:44:42'),
(46, 1, 8, '1966570099435376640', 'BTCUSDT', '60', 'BUY', 'futures', NULL, 'production', '0.01719000', '116292.50000000', '116292.50000000', 16, NULL, NULL, '115979.90000000', '-5.37359400', 'closed', '{\"user_id\":1,\"strategy_id\":\"FUT_BTC_H1_TEMA_ST_OVER_MA\",\"ticker\":\"BTCUSDT\",\"timeframe\":\"60\",\"action\":\"BUY\",\"quantity\":\"0.01719\",\"position_id\":\"1757667600\",\"leverage\":16,\"environment\":\"production\"}', '1757667600', '2025-09-12 15:30:24', '2025-09-13 07:00:05', '2025-09-13 07:00:05'),
(47, 1, 2, '1966577581427789824', 'BTCUSDT', '60', 'BUY', 'futures', NULL, 'production', '0.00686000', '116429.80000000', '116429.80000000', 8, NULL, NULL, '115613.20000000', '-5.60187600', 'closed', '{\"user_id\":1,\"strategy_id\":\"FUT_BTC_H1_TREND_ALIGNED_RSI\",\"ticker\":\"BTCUSDT\",\"timeframe\":\"60\",\"action\":\"BUY\",\"quantity\":\"0.00686\",\"position_id\":\"1757700000\",\"leverage\":8,\"environment\":\"production\"}', '1757700000', '2025-09-12 16:00:07', '2025-09-12 22:54:48', '2025-09-12 22:54:48'),
(48, 1, 8, '1967443917657870336', 'BTCUSDT', '60', 'BUY', 'futures', NULL, 'production', '0.01721000', '116069.80000000', '116069.80000000', 16, NULL, NULL, '115335.30000000', '-12.64074500', 'closed', '{\"user_id\":1,\"strategy_id\":\"FUT_BTC_H1_TEMA_ST_OVER_MA\",\"ticker\":\"BTCUSDT\",\"timeframe\":\"60\",\"action\":\"BUY\",\"quantity\":\"0.01721\",\"position_id\":\"1757872800\",\"leverage\":16,\"environment\":\"production\"}', '1757872800', '2025-09-15 01:22:38', '2025-09-15 05:40:19', '2025-09-15 05:40:19'),
(49, 1, 11, '1967443918467371008', 'BTCUSDT', '60', 'BUY', 'futures', NULL, 'production', '0.01721000', '116067.60000000', '116067.60000000', 8, NULL, NULL, '115335.10000000', '-12.60632500', 'closed', '{\"user_id\":1,\"strategy_id\":\"FUT_BTC_H1_TEMA_ST_BELOW_MA\",\"ticker\":\"BTCUSDT\",\"timeframe\":\"60\",\"action\":\"BUY\",\"quantity\":\"0.01721\",\"position_id\":\"1757872800\",\"leverage\":8,\"environment\":\"production\"}', '1757872800', '2025-09-15 01:22:38', '2025-09-15 05:40:19', '2025-09-15 05:40:19'),
(50, 1, 6, '1967468461852463104', 'ETHUSDT', '60', 'BUY', 'futures', NULL, 'production', '0.17150000', '4661.75000000', '4661.75000000', 8, NULL, NULL, '4503.09000000', '-27.21019000', 'closed', '{\"user_id\":1,\"strategy_id\":\"FUT_ETH_H1_URSI_TREND\",\"ticker\":\"ETHUSDT\",\"timeframe\":\"60\",\"action\":\"BUY\",\"quantity\":\"0.1715\",\"position_id\":\"1757912400\",\"leverage\":8,\"environment\":\"production\"}', '1757912400', '2025-09-15 03:00:10', '2025-09-15 06:00:20', '2025-09-15 06:00:20'),
(51, 1, 4, '1967470857089454080', 'BTCUSDT', '60', 'BUY', 'futures', NULL, 'production', '0.00685000', '116641.70000000', '116641.70000000', 8, NULL, NULL, '116069.60000000', '-3.91888500', 'closed', '{\"user_id\":1,\"strategy_id\":\"FUT_BTC_H1_GANN\",\"ticker\":\"BTCUSDT\",\"timeframe\":\"60\",\"action\":\"BUY\",\"quantity\":\"0.00685\",\"position_id\":\"1757829600\",\"leverage\":8,\"environment\":\"production\"}', '1757829600', '2025-09-15 03:09:41', '2025-09-15 04:00:12', '2025-09-15 04:00:12'),
(52, 1, 4, '1967996643785576448', 'BTCUSDT', '60', 'BUY', 'futures', NULL, 'production', '0.00689000', '115979.80000000', '116784.10000000', 8, NULL, NULL, '116799.80000000', '5.64980000', 'closed', '{\"user_id\":1,\"strategy_id\":\"FUT_BTC_H1_GANN\",\"ticker\":\"BTCUSDT\",\"timeframe\":\"60\",\"action\":\"BUY\",\"quantity\":\"0.00689\",\"position_id\":\"1758031200\",\"leverage\":8,\"environment\":\"production\"}', '1758031200', '2025-09-16 13:58:58', '2025-09-16 19:00:08', '2025-09-16 19:00:08'),
(53, 1, 2, '1968057324509597696', 'BTCUSDT', '60', 'BUY', 'futures', NULL, 'production', '0.00684000', '116771.90000000', '116855.50000000', 8, NULL, NULL, '116259.30000000', '-3.50618400', 'closed', '{\"user_id\":1,\"strategy_id\":\"FUT_BTC_H1_TREND_ALIGNED_RSI\",\"ticker\":\"BTCUSDT\",\"timeframe\":\"60\",\"action\":\"BUY\",\"quantity\":\"0.00684\",\"position_id\":\"1758052800\",\"leverage\":8,\"environment\":\"production\"}', '1758052800', '2025-09-16 18:00:06', '2025-09-17 02:00:05', '2025-09-17 02:00:05'),
(54, 1, 6, '1968178134092091392', 'ETHUSDT', '60', 'BUY', 'futures', NULL, 'production', '0.17860000', '4474.58000000', '4495.10000000', 8, NULL, NULL, '4485.13000000', '1.88423000', 'closed', '{\"user_id\":1,\"strategy_id\":\"FUT_ETH_H1_URSI_TREND\",\"ticker\":\"ETHUSDT\",\"timeframe\":\"60\",\"action\":\"BUY\",\"quantity\":\"0.1786\",\"position_id\":\"1758081600\",\"leverage\":8,\"environment\":\"production\"}', '1758081600', '2025-09-17 02:00:09', '2025-09-17 14:00:07', '2025-09-17 14:00:07'),
(55, 1, 10, '1968206529756663808', 'ETHUSDT', '60', 'BUY', 'futures', NULL, 'production', '0.17570000', '4545.87000000', '4545.87000000', 8, NULL, NULL, '4509.36000000', '-6.41480700', 'closed', '{\"user_id\":1,\"strategy_id\":\"FUT_ETH_H1_GANN\",\"ticker\":\"ETHUSDT\",\"timeframe\":\"60\",\"action\":\"BUY\",\"quantity\":\"0.1757\",\"position_id\":\"1758085200\",\"leverage\":8,\"environment\":\"production\"}', '1758085200', '2025-09-17 03:52:59', '2025-09-17 05:29:19', '2025-09-17 05:29:19'),
(56, 1, 9, '1968441524572131328', 'ETHUSDT', '60', 'BUY', 'futures', NULL, 'production', '0.17550000', '4560.76000000', '4612.16000000', 16, NULL, NULL, '4613.91000000', '9.32782500', 'closed', '{\"user_id\":1,\"strategy_id\":\"FUT_ETH_H1_TEMA_SUPERTREND\",\"ticker\":\"ETHUSDT\",\"timeframe\":\"60\",\"action\":\"BUY\",\"quantity\":\"0.1755\",\"position_id\":\"1758106800\",\"leverage\":16,\"environment\":\"production\"}', '1758106800', '2025-09-17 19:26:46', '2025-09-18 01:00:09', '2025-09-18 01:00:09'),
(57, 1, 6, '1968465879490367488', 'ETHUSDT', '60', 'BUY', 'futures', NULL, 'production', '0.17420000', '4591.58000000', '4570.50000000', 8, NULL, NULL, '4597.92000000', '1.10442800', 'closed', '{\"user_id\":1,\"strategy_id\":\"FUT_ETH_H1_URSI_TREND\",\"ticker\":\"ETHUSDT\",\"timeframe\":\"60\",\"action\":\"BUY\",\"quantity\":\"0.1742\",\"position_id\":\"1758150000\",\"leverage\":8,\"environment\":\"production\"}', '1758150000', '2025-09-17 21:03:33', '2025-09-18 13:00:13', '2025-09-18 13:00:13'),
(58, 1, 11, '1968512137294778368', 'BTCUSDT', '60', 'BUY', 'futures', NULL, 'production', '0.01659000', '117300.00000000', '117071.80000000', 8, NULL, NULL, '117741.40000000', '7.32282600', 'closed', '{\"user_id\":1,\"strategy_id\":\"FUT_BTC_H1_TEMA_ST_BELOW_MA\",\"ticker\":\"BTCUSDT\",\"timeframe\":\"60\",\"action\":\"BUY\",\"quantity\":\"0.01659\",\"position_id\":\"1758135600\",\"leverage\":8,\"environment\":\"production\"}', '1758135600', '2025-09-18 00:07:21', '2025-09-18 16:00:27', '2025-09-18 16:00:27'),
(59, 1, 4, '1968512137940701184', 'BTCUSDT', '60', 'BUY', 'futures', NULL, 'production', '0.00682000', '117300.00000000', '117705.40000000', 8, NULL, NULL, '117178.60000000', '-0.82794800', 'closed', '{\"user_id\":1,\"strategy_id\":\"FUT_BTC_H1_GANN\",\"ticker\":\"BTCUSDT\",\"timeframe\":\"60\",\"action\":\"BUY\",\"quantity\":\"0.00682\",\"position_id\":\"1758110400\",\"leverage\":8,\"environment\":\"production\"}', '1758110400', '2025-09-18 00:07:22', '2025-09-18 06:00:07', '2025-09-18 06:00:07'),
(60, 1, 8, '1968512138683092992', 'BTCUSDT', '60', 'BUY', 'futures', NULL, 'production', '0.01705000', '117321.80000000', '117071.80000000', 16, NULL, NULL, '117770.60000000', '7.65204000', 'closed', '{\"user_id\":1,\"strategy_id\":\"FUT_BTC_H1_TEMA_ST_OVER_MA\",\"ticker\":\"BTCUSDT\",\"timeframe\":\"60\",\"action\":\"BUY\",\"quantity\":\"0.01705\",\"position_id\":\"1758106800\",\"leverage\":16,\"environment\":\"production\"}', '1758106800', '2025-09-18 00:07:22', '2025-09-18 16:00:10', '2025-09-18 16:00:10'),
(61, 1, 6, '1969340776538181632', 'ETHUSDT', '60', 'BUY', 'futures', NULL, 'production', '0.17910000', '4464.95000000', '4475.62000000', 8, NULL, NULL, '4469.80000000', '0.86863500', 'closed', '{\"user_id\":1,\"strategy_id\":\"FUT_ETH_H1_URSI_TREND\",\"ticker\":\"ETHUSDT\",\"timeframe\":\"60\",\"action\":\"BUY\",\"quantity\":\"0.1791\",\"position_id\":\"1758358800\",\"leverage\":8,\"environment\":\"production\"}', '1758358800', '2025-09-20 07:00:04', '2025-09-21 02:00:05', '2025-09-21 02:00:05'),
(62, 1, 4, '1970861466156273664', 'BTCUSDT', '60', 'BUY', 'futures', NULL, 'production', '0.00706000', '113264.70000000', '113264.70000000', 8, NULL, NULL, '113375.40000000', '0.78154200', 'closed', '{\"user_id\":1,\"strategy_id\":\"FUT_BTC_H1_GANN\",\"ticker\":\"BTCUSDT\",\"timeframe\":\"60\",\"action\":\"BUY\",\"quantity\":\"0.00706\",\"position_id\":\"1758650400\",\"leverage\":8,\"environment\":\"production\"}', '1758650400', '2025-09-24 11:42:45', '2025-09-24 17:00:09', '2025-09-24 17:00:09'),
(63, 1, 4, '1972332389581459456', 'BTCUSDT', '60', 'BUY', 'futures', NULL, 'production', '0.00725000', '110257.70000000', '110257.70000000', 8, NULL, NULL, '110840.00000000', '4.22167500', 'closed', '{\"user_id\":1,\"strategy_id\":\"FUT_BTC_H1_GANN\",\"ticker\":\"BTCUSDT\",\"timeframe\":\"60\",\"action\":\"BUY\",\"quantity\":\"0.00725\",\"position_id\":\"1759032000\",\"leverage\":8,\"environment\":\"production\"}', '1759032000', '2025-09-28 13:07:41', '2025-09-28 19:00:13', '2025-09-28 19:00:13'),
(64, 1, 10, '1972422506958557184', 'ETHUSDT', '60', 'BUY', 'futures', NULL, 'production', '0.19660000', '4080.00000000', '4080.00000000', 8, NULL, NULL, '4119.74000000', '7.81288400', 'closed', '{\"user_id\":1,\"strategy_id\":\"FUT_ETH_H1_GANN\",\"ticker\":\"ETHUSDT\",\"timeframe\":\"60\",\"action\":\"BUY\",\"quantity\":\"0.1966\",\"position_id\":\"1759028400\",\"leverage\":8,\"environment\":\"production\"}', '1759028400', '2025-09-28 19:05:46', '2025-09-29 01:00:07', '2025-09-29 01:00:07'),
(65, 1, 9, '1973307569569009664', 'ETHUSDT', '60', 'BUY', 'futures', NULL, 'production', '0.18840000', '4247.11000000', '4247.11000000', 16, NULL, NULL, '4292.98000000', '8.64190800', 'closed', '{\"user_id\":1,\"strategy_id\":\"FUT_ETH_H1_TEMA_SUPERTREND\",\"ticker\":\"ETHUSDT\",\"timeframe\":\"60\",\"action\":\"BUY\",\"quantity\":\"0.1884\",\"position_id\":\"1759212000\",\"leverage\":16,\"environment\":\"production\"}', '1759212000', '2025-10-01 05:42:42', '2025-10-01 11:00:15', '2025-10-01 11:00:15'),
(66, 1, 6, '1973311950511149056', 'ETHUSDT', '60', 'BUY', 'futures', NULL, 'production', '0.18640000', '4293.68000000', '4370.86000000', 8, NULL, NULL, '4370.86000000', '14.38635200', 'closed', '{\"user_id\":1,\"strategy_id\":\"FUT_ETH_H1_URSI_TREND\",\"ticker\":\"ETHUSDT\",\"timeframe\":\"60\",\"action\":\"BUY\",\"quantity\":\"0.1864\",\"position_id\":\"1759305600\",\"leverage\":8,\"environment\":\"production\"}', '1759305600', '2025-10-01 06:00:06', '2025-10-01 23:09:51', '2025-10-01 23:09:51'),
(67, 1, 2, '1973311992718430208', 'BTCUSDT', '60', 'BUY', 'futures', NULL, 'production', '0.00688000', '116078.90000000', '119075.10000000', 8, NULL, NULL, '119074.90000000', '20.61248000', 'closed', '{\"user_id\":1,\"strategy_id\":\"FUT_BTC_H1_TREND_ALIGNED_RSI\",\"ticker\":\"BTCUSDT\",\"timeframe\":\"60\",\"action\":\"BUY\",\"quantity\":\"0.00688\",\"position_id\":\"1759305600\",\"leverage\":8,\"environment\":\"production\"}', '1759305600', '2025-10-01 06:00:16', '2025-10-02 09:36:40', '2025-10-02 09:36:40'),
(68, 1, 10, '1973946919268913152', 'ETHUSDT', '60', 'BUY', 'futures', NULL, 'production', '0.17710000', '4522.79000000', '4522.79000000', 8, NULL, NULL, '4469.73000000', '-9.39692600', 'closed', '{\"user_id\":1,\"strategy_id\":\"FUT_ETH_H1_GANN\",\"ticker\":\"ETHUSDT\",\"timeframe\":\"60\",\"action\":\"BUY\",\"quantity\":\"0.1771\",\"position_id\":\"1759453200\",\"leverage\":8,\"environment\":\"production\"}', '1759453200', '2025-10-03 00:03:14', '2025-10-03 02:46:45', '2025-10-03 02:46:45'),
(69, 1, 2, '1973988214393802752', 'BTCUSDT', '60', 'SELL', 'futures', NULL, 'production', '0.00688000', '119794.00000000', '121726.70000000', 8, NULL, NULL, '121726.70000000', '-13.29697600', 'closed', '{\"user_id\":1,\"strategy_id\":\"FUT_BTC_H1_TREND_ALIGNED_RSI\",\"ticker\":\"BTCUSDT\",\"timeframe\":\"60\",\"action\":\"SELL\",\"quantity\":\"0.00688\",\"position_id\":\"1759305600\",\"leverage\":8,\"environment\":\"production\"}', '1759305600', '2025-10-03 02:47:20', '2025-10-03 23:41:54', '2025-10-03 23:41:54'),
(70, 1, 6, '1974051825166323712', 'ETHUSDT', '60', 'SELL', 'futures', NULL, 'production', '0.18640000', '4471.35000000', '4473.80000000', 8, NULL, NULL, '4473.80000000', '-0.45668000', 'closed', '{\"user_id\":1,\"strategy_id\":\"FUT_ETH_H1_URSI_TREND\",\"ticker\":\"ETHUSDT\",\"timeframe\":\"60\",\"action\":\"SELL\",\"quantity\":\"0.1864\",\"position_id\":\"1759305600\",\"leverage\":8,\"environment\":\"production\"}', '1759305600', '2025-10-03 07:00:06', '2025-10-03 23:41:45', '2025-10-03 23:41:45'),
(71, 1, 8, '1974131840084086784', 'BTCUSDT', '60', 'BUY', 'futures', NULL, 'production', '0.01452000', '120992.80000000', '120992.80000000', 16, NULL, NULL, '121835.30000000', '12.23310000', 'closed', '{\"user_id\":1,\"strategy_id\":\"FUT_BTC_H1_TEMA_ST_OVER_MA\",\"ticker\":\"BTCUSDT\",\"timeframe\":\"60\",\"action\":\"BUY\",\"quantity\":\"0.01452\",\"position_id\":\"1759456800\",\"leverage\":16,\"environment\":\"production\"}', '1759456800', '2025-10-03 12:18:03', '2025-10-03 23:00:04', '2025-10-03 23:00:04'),
(72, 1, 4, '1974131842659389440', 'BTCUSDT', '60', 'BUY', 'futures', NULL, 'production', '0.00661000', '120992.80000000', '120992.80000000', 8, NULL, NULL, '122378.30000000', '9.15815500', 'closed', '{\"user_id\":1,\"strategy_id\":\"FUT_BTC_H1_GANN\",\"ticker\":\"BTCUSDT\",\"timeframe\":\"60\",\"action\":\"BUY\",\"quantity\":\"0.00661\",\"position_id\":\"1759467600\",\"leverage\":8,\"environment\":\"production\"}', '1759467600', '2025-10-03 12:18:04', '2025-10-03 18:00:06', '2025-10-03 18:00:06'),
(73, 1, 2, '1974142451094392832', 'BTCUSDT', '60', 'BUY', 'futures', NULL, 'production', '0.00654000', '122364.00000000', '122455.20000000', 8, NULL, NULL, '121928.20000000', '-2.85013200', 'closed', '{\"user_id\":1,\"strategy_id\":\"FUT_BTC_H1_TREND_ALIGNED_RSI\",\"ticker\":\"BTCUSDT\",\"timeframe\":\"60\",\"action\":\"BUY\",\"quantity\":\"0.00654\",\"position_id\":\"1759503600\",\"leverage\":8,\"environment\":\"production\"}', '1759503600', '2025-10-03 13:00:13', '2025-10-04 09:00:04', '2025-10-04 09:00:04'),
(74, 1, 9, '1974151247107723264', 'ETHUSDT', '60', 'BUY', 'futures', NULL, 'production', '0.17540000', '4563.34000000', '4563.34000000', 16, NULL, NULL, '4513.38000000', '-8.76298400', 'closed', '{\"user_id\":1,\"strategy_id\":\"FUT_ETH_H1_TEMA_SUPERTREND\",\"ticker\":\"ETHUSDT\",\"timeframe\":\"60\",\"action\":\"BUY\",\"quantity\":\"0.1754\",\"position_id\":\"1759474800\",\"leverage\":16,\"environment\":\"production\"}', '1759474800', '2025-10-03 13:35:10', '2025-10-03 14:00:18', '2025-10-03 14:00:18'),
(75, 1, 6, '1974233012799279104', 'ETHUSDT', '60', 'BUY', 'futures', NULL, 'production', '0.17680000', '4525.06000000', '4493.70000000', 8, NULL, NULL, '4501.62000000', '-4.14419200', 'closed', '{\"user_id\":1,\"strategy_id\":\"FUT_ETH_H1_URSI_TREND\",\"ticker\":\"ETHUSDT\",\"timeframe\":\"60\",\"action\":\"BUY\",\"quantity\":\"0.1768\",\"position_id\":\"1759525200\",\"leverage\":8,\"environment\":\"production\"}', '1759525200', '2025-10-03 19:00:05', '2025-10-04 03:00:05', '2025-10-04 03:00:05'),
(76, 1, 8, '1974664333216452608', 'BTCUSDT', '60', 'BUY', 'futures', NULL, 'production', '0.01518000', '123966.10000000', '123966.10000000', 16, NULL, NULL, '122547.00000000', '-21.54193800', 'closed', '{\"user_id\":1,\"strategy_id\":\"FUT_BTC_H1_TEMA_ST_OVER_MA\",\"ticker\":\"BTCUSDT\",\"timeframe\":\"60\",\"action\":\"BUY\",\"quantity\":\"0.01518\",\"position_id\":\"1759572000\",\"leverage\":16,\"environment\":\"production\"}', '1759572000', '2025-10-04 23:33:59', '2025-10-05 07:10:55', '2025-10-05 07:10:54'),
(77, 1, 4, '1974664333862375424', 'BTCUSDT', '60', 'BUY', 'futures', NULL, 'production', '0.00645000', '123938.20000000', '123938.20000000', 8, NULL, NULL, '124679.10000000', '4.77880500', 'closed', '{\"user_id\":1,\"strategy_id\":\"FUT_BTC_H1_GANN\",\"ticker\":\"BTCUSDT\",\"timeframe\":\"60\",\"action\":\"BUY\",\"quantity\":\"0.00645\",\"position_id\":\"1759586400\",\"leverage\":8,\"environment\":\"production\"}', '1759586400', '2025-10-04 23:34:00', '2025-10-05 05:00:07', '2025-10-05 05:00:07'),
(78, 1, 2, '1974670908702330880', 'BTCUSDT', '60', 'BUY', 'futures', NULL, 'production', '0.00644000', '124047.40000000', '124047.40000000', 8, NULL, NULL, '123024.00000000', '-6.59069600', 'closed', '{\"user_id\":1,\"strategy_id\":\"FUT_BTC_H1_TREND_ALIGNED_RSI\",\"ticker\":\"BTCUSDT\",\"timeframe\":\"60\",\"action\":\"BUY\",\"quantity\":\"0.00644\",\"position_id\":\"1759629600\",\"leverage\":8,\"environment\":\"production\"}', '1759629600', '2025-10-05 00:00:07', '2025-10-05 07:00:05', '2025-10-05 07:00:05'),
(79, 1, 6, '1974716196649439232', 'ETHUSDT', '60', 'BUY', 'futures', NULL, 'production', '0.17500000', '4568.38000000', '4535.90000000', 8, NULL, NULL, '4527.07000000', '-7.22925000', 'closed', '{\"user_id\":1,\"strategy_id\":\"FUT_ETH_H1_URSI_TREND\",\"ticker\":\"ETHUSDT\",\"timeframe\":\"60\",\"action\":\"BUY\",\"quantity\":\"0.175\",\"position_id\":\"1759640400\",\"leverage\":8,\"environment\":\"production\"}', '1759640400', '2025-10-05 03:00:05', '2025-10-05 14:00:05', '2025-10-05 14:00:05'),
(80, 1, 6, '1975138993100034048', 'ETHUSDT', '60', 'BUY', 'futures', NULL, 'production', '0.17490000', '4572.41000000', '4682.07000000', 8, NULL, NULL, '4678.31000000', '18.52191000', 'closed', '{\"user_id\":1,\"strategy_id\":\"FUT_ETH_H1_URSI_TREND\",\"ticker\":\"ETHUSDT\",\"timeframe\":\"60\",\"action\":\"BUY\",\"quantity\":\"0.1749\",\"position_id\":\"1759741200\",\"leverage\":8,\"environment\":\"production\"}', '1759741200', '2025-10-06 07:00:07', '2025-10-07 07:00:07', '2025-10-07 07:00:07'),
(81, 1, 2, '1975274899463213056', 'BTCUSDT', '60', 'BUY', 'futures', NULL, 'production', '0.00634000', '125989.70000000', '125097.20000000', 8, NULL, NULL, '124586.70000000', '-8.89502000', 'closed', '{\"user_id\":1,\"strategy_id\":\"FUT_BTC_H1_TREND_ALIGNED_RSI\",\"ticker\":\"BTCUSDT\",\"timeframe\":\"60\",\"action\":\"BUY\",\"quantity\":\"0.00634\",\"position_id\":\"1759773600\",\"leverage\":8,\"environment\":\"production\"}', '1759773600', '2025-10-06 16:00:10', '2025-10-06 21:00:16', '2025-10-06 21:00:16'),
(82, 1, 9, '1975545701953703936', 'ETHUSDT', '60', 'BUY', 'futures', NULL, 'production', '0.16890000', '4740.58000000', '4740.58000000', 16, NULL, NULL, '4698.34000000', '-7.13433600', 'closed', '{\"user_id\":1,\"strategy_id\":\"FUT_ETH_H1_TEMA_SUPERTREND\",\"ticker\":\"ETHUSDT\",\"timeframe\":\"60\",\"action\":\"BUY\",\"quantity\":\"0.1689\",\"position_id\":\"1759824000\",\"leverage\":16,\"environment\":\"production\"}', '1759824000', '2025-10-07 09:56:14', '2025-10-07 10:42:25', '2025-10-07 10:42:25'),
(83, 1, 10, '1975545706085093376', 'ETHUSDT', '60', 'BUY', 'futures', NULL, 'production', '0.16890000', '4745.26000000', '4745.26000000', 8, NULL, NULL, '4698.30000000', '-7.93154400', 'closed', '{\"user_id\":1,\"strategy_id\":\"FUT_ETH_H1_GANN\",\"ticker\":\"ETHUSDT\",\"timeframe\":\"60\",\"action\":\"BUY\",\"quantity\":\"0.1689\",\"position_id\":\"1759806000\",\"leverage\":8,\"environment\":\"production\"}', '1759806000', '2025-10-07 09:56:15', '2025-10-07 10:42:25', '2025-10-07 10:42:25'),
(84, 1, 6, '1976014765947883520', 'ETHUSDT', '60', 'BUY', 'futures', NULL, 'production', '0.17710000', '4513.66000000', '4513.66000000', 8, NULL, NULL, '4476.42000000', '-6.59520400', 'closed', '{\"user_id\":1,\"strategy_id\":\"FUT_ETH_H1_URSI_TREND\",\"ticker\":\"ETHUSDT\",\"timeframe\":\"60\",\"action\":\"BUY\",\"quantity\":\"0.1771\",\"position_id\":\"1759950000\",\"leverage\":8,\"environment\":\"production\"}', '1759950000', '2025-10-08 17:00:08', '2025-10-08 23:00:06', '2025-10-08 23:00:06'),
(85, 1, 10, '1977796240607285248', 'ETHUSDT', '60', 'BUY', 'futures', NULL, 'production', '0.18950000', '4230.17000000', '4230.17000000', 8, NULL, NULL, '4267.24000000', '7.02476500', 'closed', '{\"user_id\":1,\"strategy_id\":\"FUT_ETH_H1_GANN\",\"ticker\":\"ETHUSDT\",\"timeframe\":\"60\",\"action\":\"BUY\",\"quantity\":\"0.1895\",\"position_id\":\"1760360400\",\"leverage\":8,\"environment\":\"production\"}', '1760360400', '2025-10-13 14:59:04', '2025-10-13 20:00:07', '2025-10-13 20:00:07'),
(86, 1, 9, '1977796246227652608', 'ETHUSDT', '60', 'BUY', 'futures', NULL, 'production', '0.18950000', '4228.16000000', '4228.16000000', 16, NULL, NULL, '4267.24000000', '7.40566000', 'closed', '{\"user_id\":1,\"strategy_id\":\"FUT_ETH_H1_TEMA_SUPERTREND\",\"ticker\":\"ETHUSDT\",\"timeframe\":\"60\",\"action\":\"BUY\",\"quantity\":\"0.1895\",\"position_id\":\"1760356800\",\"leverage\":16,\"environment\":\"production\"}', '1760356800', '2025-10-13 14:59:06', '2025-10-13 20:00:07', '2025-10-13 20:00:07'),
(87, 1, 6, '1977841796046131200', 'ETHUSDT', '60', 'BUY', 'futures', NULL, 'production', '0.18660000', '4287.11000000', '4287.11000000', 8, NULL, NULL, '4067.97000000', '-40.89152400', 'closed', '{\"user_id\":1,\"strategy_id\":\"FUT_ETH_H1_URSI_TREND\",\"ticker\":\"ETHUSDT\",\"timeframe\":\"60\",\"action\":\"BUY\",\"quantity\":\"0.1866\",\"position_id\":\"1760385600\",\"leverage\":8,\"environment\":\"production\"}', '1760385600', '2025-10-13 18:00:06', '2025-10-14 03:00:11', '2025-10-14 03:00:11'),
(88, 1, 9, '1979824690243309568', 'ETHUSDT', '60', 'BUY', 'futures', NULL, 'production', '0.20360000', '3942.51000000', '3942.51000000', 16, NULL, NULL, '3881.50000000', '-12.42163600', 'closed', '{\"user_id\":1,\"strategy_id\":\"FUT_ETH_H1_TEMA_SUPERTREND\",\"ticker\":\"ETHUSDT\",\"timeframe\":\"60\",\"action\":\"BUY\",\"quantity\":\"0.2036\",\"position_id\":\"1760839200\",\"leverage\":16,\"environment\":\"production\"}', '1760839200', '2025-10-19 05:19:24', '2025-10-19 05:22:46', '2025-10-19 05:22:46'),
(89, 1, 11, '1979847207175589888', 'BTCUSDT', '60', 'BUY', 'futures', NULL, 'production', '0.01400000', '107875.30000000', '107875.30000000', 8, NULL, NULL, '108045.80000000', '2.38700000', 'closed', '{\"user_id\":1,\"strategy_id\":\"FUT_BTC_H1_TEMA_ST_BELOW_MA\",\"ticker\":\"BTCUSDT\",\"timeframe\":\"60\",\"action\":\"BUY\",\"quantity\":\"0.014\",\"position_id\":\"1760857200\",\"leverage\":8,\"environment\":\"production\"}', '1760857200', '2025-10-19 06:48:53', '2025-10-19 22:00:08', '2025-10-19 22:00:08'),
(90, 1, 4, '1980119339143008256', 'BTCUSDT', '60', 'BUY', 'futures', NULL, 'production', '0.00730000', '109428.30000000', '109428.30000000', 8, NULL, NULL, '111050.40000000', '11.84133000', 'closed', '{\"user_id\":1,\"strategy_id\":\"FUT_BTC_H1_GANN\",\"ticker\":\"BTCUSDT\",\"timeframe\":\"60\",\"action\":\"BUY\",\"quantity\":\"0.0073\",\"position_id\":\"1760925600\",\"leverage\":8,\"environment\":\"production\"}', '1760925600', '2025-10-20 00:50:14', '2025-10-20 06:00:05', '2025-10-20 06:00:05'),
(91, 1, 9, '1980120482459947008', 'ETHUSDT', '60', 'BUY', 'futures', NULL, 'production', '0.19840000', '4035.20000000', '4035.20000000', 16, NULL, NULL, '4043.00000000', '1.54752000', 'closed', '{\"user_id\":1,\"strategy_id\":\"FUT_ETH_H1_TEMA_SUPERTREND\",\"ticker\":\"ETHUSDT\",\"timeframe\":\"60\",\"action\":\"BUY\",\"quantity\":\"0.1984\",\"position_id\":\"1760925600\",\"leverage\":16,\"environment\":\"production\"}', '1760925600', '2025-10-20 00:54:47', '2025-10-20 06:00:07', '2025-10-20 06:00:07'),
(92, 1, 10, '1980120490353627136', 'ETHUSDT', '60', 'BUY', 'futures', NULL, 'production', '0.19840000', '4032.96000000', '4032.96000000', 8, NULL, NULL, '4043.00000000', '1.99193600', 'closed', '{\"user_id\":1,\"strategy_id\":\"FUT_ETH_H1_GANN\",\"ticker\":\"ETHUSDT\",\"timeframe\":\"60\",\"action\":\"BUY\",\"quantity\":\"0.1984\",\"position_id\":\"1760922000\",\"leverage\":8,\"environment\":\"production\"}', '1760922000', '2025-10-20 00:54:48', '2025-10-20 06:00:06', '2025-10-20 06:00:06'),
(93, 1, 11, '1980649307010764800', 'BTCUSDT', '60', 'BUY', 'futures', NULL, 'production', '0.01223000', '111691.10000000', '111691.10000000', 8, NULL, NULL, '109955.90000000', '-21.22149600', 'closed', '{\"user_id\":1,\"strategy_id\":\"FUT_BTC_H1_TEMA_ST_BELOW_MA\",\"ticker\":\"BTCUSDT\",\"timeframe\":\"60\",\"action\":\"BUY\",\"quantity\":\"0.01223\",\"position_id\":\"1761012000\",\"leverage\":8,\"environment\":\"production\"}', '1761012000', '2025-10-21 11:56:08', '2025-10-21 19:21:42', '2025-10-21 19:21:42'),
(94, 1, 4, '1980649331937513472', 'BTCUSDT', '60', 'BUY', 'futures', NULL, 'production', '0.00716000', '111655.70000000', '111655.70000000', 8, NULL, NULL, '111747.80000000', '0.65943600', 'closed', '{\"user_id\":1,\"strategy_id\":\"FUT_BTC_H1_GANN\",\"ticker\":\"BTCUSDT\",\"timeframe\":\"60\",\"action\":\"BUY\",\"quantity\":\"0.00716\",\"position_id\":\"1760990400\",\"leverage\":8,\"environment\":\"production\"}', '1760990400', '2025-10-21 11:56:14', '2025-10-21 17:00:13', '2025-10-21 17:00:13'),
(95, 1, 9, '1980665486483918848', 'ETHUSDT', '60', 'BUY', 'futures', NULL, 'production', '0.19580000', '4090.57000000', '4090.57000000', 16, NULL, NULL, '4043.97000000', '-9.12428000', 'closed', '{\"user_id\":1,\"strategy_id\":\"FUT_ETH_H1_TEMA_SUPERTREND\",\"ticker\":\"ETHUSDT\",\"timeframe\":\"60\",\"action\":\"BUY\",\"quantity\":\"0.1958\",\"position_id\":\"1760979600\",\"leverage\":16,\"environment\":\"production\"}', '1760979600', '2025-10-21 13:00:26', '2025-10-21 13:57:25', '2025-10-21 13:57:25'),
(96, 1, 10, '1980665493375160320', 'ETHUSDT', '60', 'BUY', 'futures', NULL, 'production', '0.19580000', '4090.22000000', '4090.22000000', 8, NULL, NULL, '4022.49000000', '-13.26153400', 'closed', '{\"user_id\":1,\"strategy_id\":\"FUT_ETH_H1_GANN\",\"ticker\":\"ETHUSDT\",\"timeframe\":\"60\",\"action\":\"BUY\",\"quantity\":\"0.1958\",\"position_id\":\"1761015600\",\"leverage\":8,\"environment\":\"production\"}', '1761015600', '2025-10-21 13:00:28', '2025-10-21 14:00:08', '2025-10-21 14:00:08'),
(97, 1, 10, '1981403854809337856', 'ETHUSDT', '60', 'BUY', 'futures', NULL, 'production', '0.20480000', '3903.24000000', '3903.24000000', 8, NULL, NULL, '3854.47000000', '-9.98809600', 'closed', '{\"user_id\":1,\"strategy_id\":\"FUT_ETH_H1_GANN\",\"ticker\":\"ETHUSDT\",\"timeframe\":\"60\",\"action\":\"BUY\",\"quantity\":\"0.2048\",\"position_id\":\"1761228000\",\"leverage\":8,\"environment\":\"production\"}', '1761228000', '2025-10-23 13:54:26', '2025-10-23 16:02:33', '2025-10-23 16:02:33'),
(98, 1, 9, '1981579611397427200', 'ETHUSDT', '60', 'BUY', 'futures', NULL, 'production', '0.20330000', '3937.65000000', '3937.65000000', 16, NULL, NULL, '3931.30000000', '-1.29095500', 'closed', '{\"user_id\":1,\"strategy_id\":\"FUT_ETH_H1_TEMA_SUPERTREND\",\"ticker\":\"ETHUSDT\",\"timeframe\":\"60\",\"action\":\"BUY\",\"quantity\":\"0.2033\",\"position_id\":\"1761253200\",\"leverage\":16,\"environment\":\"production\"}', '1761253200', '2025-10-24 01:32:50', '2025-10-24 05:06:35', '2025-10-24 05:06:35'),
(99, 1, 4, '1981579963731546112', 'BTCUSDT', '60', 'BUY', 'futures', NULL, 'production', '0.00718000', '111392.90000000', '111392.90000000', 8, NULL, NULL, '111283.40000000', '-0.78621000', 'closed', '{\"user_id\":1,\"strategy_id\":\"FUT_BTC_H1_GANN\",\"ticker\":\"BTCUSDT\",\"timeframe\":\"60\",\"action\":\"BUY\",\"quantity\":\"0.00718\",\"position_id\":\"1761264000\",\"leverage\":8,\"environment\":\"production\"}', '1761264000', '2025-10-24 01:34:14', '2025-10-24 07:00:07', '2025-10-24 07:00:07');

-- --------------------------------------------------------

--
-- Estructura de tabla para la tabla `users`
--

CREATE TABLE `users` (
  `id` int(11) NOT NULL,
  `username` varchar(50) NOT NULL,
  `password` varchar(255) NOT NULL,
  `email` varchar(100) NOT NULL,
  `role` enum('admin','user') NOT NULL DEFAULT 'user',
  `created_at` datetime NOT NULL DEFAULT current_timestamp(),
  `updated_at` datetime DEFAULT NULL ON UPDATE current_timestamp()
) ENGINE=InnoDB DEFAULT CHARSET=utf8mb4 COLLATE=utf8mb4_general_ci;

--
-- Volcado de datos para la tabla `users`
--

INSERT INTO `users` (`id`, `username`, `password`, `email`, `role`, `created_at`, `updated_at`) VALUES
(1, 'admin', '$2y$10$6ycCI42StRpPm77/Rsgv5.yUB0t0Wdi7ALBL5FYOC2wYXBcXEXOom', 'admin@example.com', 'admin', '2025-04-01 21:07:56', '2025-04-01 21:39:35'),
(2, 'javier', '$2y$10$wdMYUGL7PIDA5yd6FqAhPuHgBt/qsaow.JFTxIjw0qtIDmjDtverW', 'javier@gmail.com', 'user', '2025-04-01 21:44:45', NULL);

-- --------------------------------------------------------

--
-- Estructura de tabla para la tabla `user_selected_tickers`
--

CREATE TABLE `user_selected_tickers` (
  `id` int(11) NOT NULL,
  `user_id` int(11) NOT NULL,
  `ticker_symbol` varchar(20) NOT NULL,
  `mt_ticker` varchar(50) DEFAULT NULL,
  `active` tinyint(1) NOT NULL DEFAULT 1,
  `created_at` datetime NOT NULL DEFAULT current_timestamp(),
  `updated_at` datetime DEFAULT NULL ON UPDATE current_timestamp()
) ENGINE=InnoDB DEFAULT CHARSET=utf8mb4 COLLATE=utf8mb4_general_ci;

--
-- Volcado de datos para la tabla `user_selected_tickers`
--

INSERT INTO `user_selected_tickers` (`id`, `user_id`, `ticker_symbol`, `mt_ticker`, `active`, `created_at`, `updated_at`) VALUES
(1, 1, 'EURUSD', 'EURUSD', 1, '2025-09-03 00:50:06', '2025-09-03 15:03:23'),
(3, 1, 'GC', 'XAUUSD', 1, '2025-09-03 15:03:40', NULL),
(4, 1, 'NQ', 'US100', 1, '2025-09-10 19:38:40', NULL),
(5, 1, 'ES', 'US500', 1, '2025-09-10 19:39:04', NULL),
(6, 1, 'CL', 'USOIL', 1, '2025-09-10 19:39:20', '2025-10-05 16:58:26'),
(7, 1, 'RTY', 'US2000', 1, '2025-10-05 16:58:12', NULL);

-- --------------------------------------------------------

--
-- Estructura de tabla para la tabla `user_telegram_signals`
--

CREATE TABLE `user_telegram_signals` (
  `id` int(11) NOT NULL,
  `telegram_signal_id` int(11) NOT NULL,
  `user_id` int(11) NOT NULL,
  `ticker_symbol` varchar(20) NOT NULL,
  `mt_ticker` varchar(50) NOT NULL,
  `status` enum('available','claimed','pending','open','closed','failed_execution','expired','cancelled') DEFAULT 'available',
  `execution_data` text DEFAULT NULL,
  `mt_execution_data` text DEFAULT NULL COMMENT 'Original MT5 signal data (entry, stoploss, tps) sent by EA at open',
  `trade_id` varchar(100) DEFAULT NULL,
  `real_entry_price` decimal(10,5) DEFAULT NULL,
  `real_stop_loss` decimal(10,5) DEFAULT NULL,
  `real_volume` decimal(8,2) DEFAULT NULL,
  `order_type` varchar(20) DEFAULT NULL,
  `current_level` int(11) DEFAULT -2,
  `volume_closed_percent` decimal(5,2) DEFAULT 0.00,
  `remaining_volume` decimal(8,2) DEFAULT NULL,
  `gross_pnl` decimal(10,2) DEFAULT 0.00,
  `last_price` decimal(10,5) DEFAULT NULL,
  `close_reason` varchar(50) DEFAULT NULL,
  `exit_level` int(2) DEFAULT NULL,
  `created_at` datetime DEFAULT current_timestamp(),
  `updated_at` datetime DEFAULT NULL ON UPDATE current_timestamp()
) ENGINE=InnoDB DEFAULT CHARSET=utf8mb4 COLLATE=utf8mb4_general_ci;

--
-- Volcado de datos para la tabla `user_telegram_signals`
--

INSERT INTO `user_telegram_signals` (`id`, `telegram_signal_id`, `user_id`, `ticker_symbol`, `mt_ticker`, `status`, `execution_data`, `mt_execution_data`, `trade_id`, `real_entry_price`, `real_stop_loss`, `real_volume`, `order_type`, `current_level`, `volume_closed_percent`, `remaining_volume`, `gross_pnl`, `last_price`, `close_reason`, `exit_level`, `created_at`, `updated_at`) VALUES
(1, 1, 1, 'EURUSD', 'EURUSD', 'available', NULL, NULL, NULL, NULL, NULL, NULL, NULL, -2, '0.00', NULL, '0.00', NULL, NULL, NULL, '2025-10-14 08:56:25', NULL),
(2, 3, 1, 'GC', 'XAUUSD', 'available', NULL, NULL, NULL, NULL, NULL, NULL, NULL, -2, '0.00', NULL, '0.00', NULL, NULL, NULL, '2025-10-14 09:04:18', NULL),
(3, 4, 1, 'CL', 'USOIL', 'available', NULL, NULL, NULL, NULL, NULL, NULL, NULL, -2, '0.00', NULL, '0.00', NULL, NULL, NULL, '2025-10-14 09:09:31', NULL),
(4, 7, 1, 'ES', 'US500', 'available', NULL, NULL, NULL, NULL, NULL, NULL, NULL, -2, '0.00', NULL, '0.00', NULL, NULL, NULL, '2025-10-14 09:23:24', NULL),
(5, 8, 1, 'NQ', 'US100', 'available', NULL, NULL, NULL, NULL, NULL, NULL, NULL, -2, '0.00', NULL, '0.00', NULL, NULL, NULL, '2025-10-14 09:25:41', NULL),
(6, 9, 1, 'RTY', 'US2000', 'available', NULL, NULL, NULL, NULL, NULL, NULL, NULL, -2, '0.00', NULL, '0.00', NULL, NULL, NULL, '2025-10-14 09:28:19', NULL),
(7, 11, 1, 'EURUSD', 'EURUSD', 'available', NULL, NULL, NULL, NULL, NULL, NULL, NULL, -2, '0.00', NULL, '0.00', NULL, NULL, NULL, '2025-10-15 08:39:51', NULL),
(8, 13, 1, 'ES', 'US500', 'available', NULL, NULL, NULL, NULL, NULL, NULL, NULL, -2, '0.00', NULL, '0.00', NULL, NULL, NULL, '2025-10-15 08:50:59', NULL),
(9, 14, 1, 'NQ', 'US100', 'available', NULL, NULL, NULL, NULL, NULL, NULL, NULL, -2, '0.00', NULL, '0.00', NULL, NULL, NULL, '2025-10-15 08:52:12', NULL),
(10, 15, 1, 'RTY', 'US2000', 'available', NULL, NULL, NULL, NULL, NULL, NULL, NULL, -2, '0.00', NULL, '0.00', NULL, NULL, NULL, '2025-10-15 08:55:16', NULL),
(11, 17, 1, 'CL', 'USOIL', 'available', NULL, NULL, NULL, NULL, NULL, NULL, NULL, -2, '0.00', NULL, '0.00', NULL, NULL, NULL, '2025-10-15 09:12:24', NULL),
(12, 18, 1, 'GC', 'XAUUSD', 'available', NULL, NULL, NULL, NULL, NULL, NULL, NULL, -2, '0.00', NULL, '0.00', NULL, NULL, NULL, '2025-10-15 09:16:59', NULL),
(13, 21, 1, 'EURUSD', 'EURUSD', 'available', NULL, NULL, NULL, NULL, NULL, NULL, NULL, -2, '0.00', NULL, '0.00', NULL, NULL, NULL, '2025-10-16 08:47:02', NULL),
(14, 25, 1, 'CL', 'USOIL', 'available', NULL, NULL, NULL, NULL, NULL, NULL, NULL, -2, '0.00', NULL, '0.00', NULL, NULL, NULL, '2025-10-16 09:06:00', NULL),
(15, 26, 1, 'GC', 'XAUUSD', 'available', NULL, NULL, NULL, NULL, NULL, NULL, NULL, -2, '0.00', NULL, '0.00', NULL, NULL, NULL, '2025-10-16 09:10:47', NULL),
(16, 28, 1, 'ES', 'US500', 'available', NULL, NULL, NULL, NULL, NULL, NULL, NULL, -2, '0.00', NULL, '0.00', NULL, NULL, NULL, '2025-10-16 09:23:02', NULL),
(17, 29, 1, 'NQ', 'US100', 'available', NULL, NULL, NULL, NULL, NULL, NULL, NULL, -2, '0.00', NULL, '0.00', NULL, NULL, NULL, '2025-10-16 09:26:43', NULL),
(18, 30, 1, 'RTY', 'US2000', 'available', NULL, NULL, NULL, NULL, NULL, NULL, NULL, -2, '0.00', NULL, '0.00', NULL, NULL, NULL, '2025-10-16 09:30:28', NULL),
(19, 31, 1, 'EURUSD', 'EURUSD', 'available', NULL, NULL, NULL, NULL, NULL, NULL, NULL, -2, '0.00', NULL, '0.00', NULL, NULL, NULL, '2025-10-17 09:05:57', NULL),
(20, 33, 1, 'GC', 'XAUUSD', 'available', NULL, NULL, NULL, NULL, NULL, NULL, NULL, -2, '0.00', NULL, '0.00', NULL, NULL, NULL, '2025-10-17 09:11:43', NULL),
(21, 35, 1, 'CL', 'USOIL', 'available', NULL, NULL, NULL, NULL, NULL, NULL, NULL, -2, '0.00', NULL, '0.00', NULL, NULL, NULL, '2025-10-17 09:20:38', NULL),
(22, 37, 1, 'ES', 'US500', 'available', NULL, NULL, NULL, NULL, NULL, NULL, NULL, -2, '0.00', NULL, '0.00', NULL, NULL, NULL, '2025-10-17 09:38:46', NULL),
(23, 38, 1, 'NQ', 'US100', 'available', NULL, NULL, NULL, NULL, NULL, NULL, NULL, -2, '0.00', NULL, '0.00', NULL, NULL, NULL, '2025-10-17 09:43:53', NULL),
(24, 39, 1, 'RTY', 'US2000', 'available', NULL, NULL, NULL, NULL, NULL, NULL, NULL, -2, '0.00', NULL, '0.00', NULL, NULL, NULL, '2025-10-17 09:48:51', NULL),
(25, 41, 1, 'EURUSD', 'EURUSD', 'available', NULL, NULL, NULL, NULL, NULL, NULL, NULL, -2, '0.00', NULL, '0.00', NULL, NULL, NULL, '2025-10-20 08:52:15', NULL),
(26, 44, 1, 'CL', 'USOIL', 'available', NULL, NULL, NULL, NULL, NULL, NULL, NULL, -2, '0.00', NULL, '0.00', NULL, NULL, NULL, '2025-10-20 09:05:29', NULL),
(27, 45, 1, 'GC', 'XAUUSD', 'available', NULL, NULL, NULL, NULL, NULL, NULL, NULL, -2, '0.00', NULL, '0.00', NULL, NULL, NULL, '2025-10-20 09:11:35', NULL),
(28, 48, 1, 'NQ', 'US100', 'available', NULL, NULL, NULL, NULL, NULL, NULL, NULL, -2, '0.00', NULL, '0.00', NULL, NULL, NULL, '2025-10-20 09:40:41', NULL),
(29, 49, 1, 'ES', 'US500', 'available', NULL, NULL, NULL, NULL, NULL, NULL, NULL, -2, '0.00', NULL, '0.00', NULL, NULL, NULL, '2025-10-20 09:42:07', NULL),
(30, 50, 1, 'RTY', 'US2000', 'available', NULL, NULL, NULL, NULL, NULL, NULL, NULL, -2, '0.00', NULL, '0.00', NULL, NULL, NULL, '2025-10-20 09:45:35', NULL),
(31, 51, 1, 'EURUSD', 'EURUSD', 'available', NULL, NULL, NULL, NULL, NULL, NULL, NULL, -2, '0.00', NULL, '0.00', NULL, NULL, NULL, '2025-10-21 08:53:00', NULL),
(32, 53, 1, 'GC', 'XAUUSD', 'available', NULL, NULL, NULL, NULL, NULL, NULL, NULL, -2, '0.00', NULL, '0.00', NULL, NULL, NULL, '2025-10-21 09:01:51', NULL),
(33, 56, 1, 'CL', 'USOIL', 'available', NULL, NULL, NULL, NULL, NULL, NULL, NULL, -2, '0.00', NULL, '0.00', NULL, NULL, NULL, '2025-10-21 09:22:19', NULL),
(34, 59, 1, 'NQ', 'US100', 'available', NULL, NULL, NULL, NULL, NULL, NULL, NULL, -2, '0.00', NULL, '0.00', NULL, NULL, NULL, '2025-10-21 09:41:35', NULL),
(35, 60, 1, 'RTY', 'US2000', 'available', NULL, NULL, NULL, NULL, NULL, NULL, NULL, -2, '0.00', NULL, '0.00', NULL, NULL, NULL, '2025-10-21 09:44:46', NULL),
(36, 61, 1, 'EURUSD', 'EURUSD', 'available', NULL, NULL, NULL, NULL, NULL, NULL, NULL, -2, '0.00', NULL, '0.00', NULL, NULL, NULL, '2025-10-22 08:53:13', NULL),
(37, 65, 1, 'GC', 'XAUUSD', 'available', NULL, NULL, NULL, NULL, NULL, NULL, NULL, -2, '0.00', NULL, '0.00', NULL, NULL, NULL, '2025-10-22 09:12:42', NULL),
(38, 66, 1, 'CL', 'USOIL', 'available', NULL, NULL, NULL, NULL, NULL, NULL, NULL, -2, '0.00', NULL, '0.00', NULL, NULL, NULL, '2025-10-22 09:20:43', NULL),
(39, 68, 1, 'ES', 'US500', 'available', NULL, NULL, NULL, NULL, NULL, NULL, NULL, -2, '0.00', NULL, '0.00', NULL, NULL, NULL, '2025-10-22 09:36:15', NULL),
(40, 69, 1, 'ES', 'US500', 'available', NULL, NULL, NULL, NULL, NULL, NULL, NULL, -2, '0.00', NULL, '0.00', NULL, NULL, NULL, '2025-10-22 09:37:24', NULL),
(41, 70, 1, 'NQ', 'US100', 'available', NULL, NULL, NULL, NULL, NULL, NULL, NULL, -2, '0.00', NULL, '0.00', NULL, NULL, NULL, '2025-10-22 09:38:48', NULL),
(42, 71, 1, 'RTY', 'US2000', 'available', NULL, NULL, NULL, NULL, NULL, NULL, NULL, -2, '0.00', NULL, '0.00', NULL, NULL, NULL, '2025-10-22 09:41:52', NULL),
(43, 72, 1, 'EURUSD', 'EURUSD', 'available', NULL, NULL, NULL, NULL, NULL, NULL, NULL, -2, '0.00', NULL, '0.00', NULL, NULL, NULL, '2025-10-23 08:45:20', NULL),
(44, 75, 1, 'GC', 'XAUUSD', 'available', NULL, NULL, NULL, NULL, NULL, NULL, NULL, -2, '0.00', NULL, '0.00', NULL, NULL, NULL, '2025-10-23 08:55:09', NULL),
(45, 76, 1, 'CL', 'USOIL', 'available', NULL, NULL, NULL, NULL, NULL, NULL, NULL, -2, '0.00', NULL, '0.00', NULL, NULL, NULL, '2025-10-23 09:04:55', NULL),
(46, 79, 1, 'ES', 'US500', 'available', NULL, NULL, NULL, NULL, NULL, NULL, NULL, -2, '0.00', NULL, '0.00', NULL, NULL, NULL, '2025-10-23 09:43:22', NULL),
(47, 80, 1, 'NQ', 'US100', 'available', NULL, NULL, NULL, NULL, NULL, NULL, NULL, -2, '0.00', NULL, '0.00', NULL, NULL, NULL, '2025-10-23 09:46:03', NULL),
(48, 81, 1, 'RTY', 'US2000', 'available', NULL, NULL, NULL, NULL, NULL, NULL, NULL, -2, '0.00', NULL, '0.00', NULL, NULL, NULL, '2025-10-23 09:47:49', NULL),
(49, 82, 1, 'GC', 'XAUUSD', 'available', NULL, NULL, NULL, NULL, NULL, NULL, NULL, -2, '0.00', NULL, '0.00', NULL, NULL, NULL, '2025-10-24 09:01:45', NULL),
(50, 84, 1, 'CL', 'USOIL', 'available', NULL, NULL, NULL, NULL, NULL, NULL, NULL, -2, '0.00', NULL, '0.00', NULL, NULL, NULL, '2025-10-24 09:06:16', NULL),
(51, 85, 1, 'EURUSD', 'EURUSD', 'available', NULL, NULL, NULL, NULL, NULL, NULL, NULL, -2, '0.00', NULL, '0.00', NULL, NULL, NULL, '2025-10-24 09:11:31', NULL),
(52, 88, 1, 'ES', 'US500', 'available', NULL, NULL, NULL, NULL, NULL, NULL, NULL, -2, '0.00', NULL, '0.00', NULL, NULL, NULL, '2025-10-24 09:30:04', NULL),
(53, 89, 1, 'NQ', 'US100', 'available', NULL, NULL, NULL, NULL, NULL, NULL, NULL, -2, '0.00', NULL, '0.00', NULL, NULL, NULL, '2025-10-24 09:31:23', NULL),
(54, 90, 1, 'RTY', 'US2000', 'available', NULL, NULL, NULL, NULL, NULL, NULL, NULL, -2, '0.00', NULL, '0.00', NULL, NULL, NULL, '2025-10-24 09:37:19', NULL);

--
-- Índices para tablas volcadas
--

--
-- Indices de la tabla `api_keys`
--
ALTER TABLE `api_keys`
  ADD PRIMARY KEY (`id`),
  ADD KEY `user_id` (`user_id`);

--
-- Indices de la tabla `available_tickers`
--
ALTER TABLE `available_tickers`
  ADD PRIMARY KEY (`symbol`);

--
-- Indices de la tabla `mt_signals`
--
ALTER TABLE `mt_signals`
  ADD PRIMARY KEY (`id`),
  ADD KEY `user_id` (`user_id`),
  ADD KEY `strategy_id` (`strategy_id`),
  ADD KEY `idx_status_user` (`status`,`user_id`),
  ADD KEY `idx_created` (`created_at`);

--
-- Indices de la tabla `strategies`
--
ALTER TABLE `strategies`
  ADD PRIMARY KEY (`id`),
  ADD UNIQUE KEY `user_strategy` (`user_id`,`strategy_id`);

--
-- Indices de la tabla `system_logs`
--
ALTER TABLE `system_logs`
  ADD PRIMARY KEY (`id`),
  ADD KEY `user_id` (`user_id`);

--
-- Indices de la tabla `telegram_signals`
--
ALTER TABLE `telegram_signals`
  ADD PRIMARY KEY (`id`),
  ADD KEY `ticker_symbol` (`ticker_symbol`),
  ADD KEY `idx_processed_created` (`created_at`),
  ADD KEY `idx_ticker_created` (`ticker_symbol`,`created_at`);

--
-- Indices de la tabla `trades`
--
ALTER TABLE `trades`
  ADD PRIMARY KEY (`id`),
  ADD KEY `user_id` (`user_id`),
  ADD KEY `strategy_id` (`strategy_id`),
  ADD KEY `idx_position_id` (`position_id`),
  ADD KEY `idx_platform_status` (`status`),
  ADD KEY `fk_mt_signal` (`mt_signal_id`);

--
-- Indices de la tabla `users`
--
ALTER TABLE `users`
  ADD PRIMARY KEY (`id`),
  ADD UNIQUE KEY `username` (`username`),
  ADD UNIQUE KEY `email` (`email`);

--
-- Indices de la tabla `user_selected_tickers`
--
ALTER TABLE `user_selected_tickers`
  ADD PRIMARY KEY (`id`),
  ADD UNIQUE KEY `user_ticker` (`user_id`,`ticker_symbol`),
  ADD KEY `user_id` (`user_id`),
  ADD KEY `ticker_symbol` (`ticker_symbol`);

--
-- Indices de la tabla `user_telegram_signals`
--
ALTER TABLE `user_telegram_signals`
  ADD PRIMARY KEY (`id`),
  ADD KEY `telegram_signal_id` (`telegram_signal_id`),
  ADD KEY `user_id` (`user_id`),
  ADD KEY `status` (`status`),
  ADD KEY `idx_user_ticker` (`user_id`,`ticker_symbol`),
  ADD KEY `idx_status_ticker` (`status`,`ticker_symbol`),
  ADD KEY `idx_user_status` (`user_id`,`status`);

--
-- AUTO_INCREMENT de las tablas volcadas
--

--
-- AUTO_INCREMENT de la tabla `api_keys`
--
ALTER TABLE `api_keys`
  MODIFY `id` int(11) NOT NULL AUTO_INCREMENT, AUTO_INCREMENT=3;

--
-- AUTO_INCREMENT de la tabla `mt_signals`
--
ALTER TABLE `mt_signals`
  MODIFY `id` int(11) NOT NULL AUTO_INCREMENT;

--
-- AUTO_INCREMENT de la tabla `strategies`
--
ALTER TABLE `strategies`
  MODIFY `id` int(11) NOT NULL AUTO_INCREMENT, AUTO_INCREMENT=12;

--
-- AUTO_INCREMENT de la tabla `system_logs`
--
ALTER TABLE `system_logs`
  MODIFY `id` int(11) NOT NULL AUTO_INCREMENT;

--
-- AUTO_INCREMENT de la tabla `telegram_signals`
--
ALTER TABLE `telegram_signals`
  MODIFY `id` int(11) NOT NULL AUTO_INCREMENT, AUTO_INCREMENT=92;

--
-- AUTO_INCREMENT de la tabla `trades`
--
ALTER TABLE `trades`
  MODIFY `id` int(11) NOT NULL AUTO_INCREMENT, AUTO_INCREMENT=100;

--
-- AUTO_INCREMENT de la tabla `users`
--
ALTER TABLE `users`
  MODIFY `id` int(11) NOT NULL AUTO_INCREMENT, AUTO_INCREMENT=3;

--
-- AUTO_INCREMENT de la tabla `user_selected_tickers`
--
ALTER TABLE `user_selected_tickers`
  MODIFY `id` int(11) NOT NULL AUTO_INCREMENT, AUTO_INCREMENT=8;

--
-- AUTO_INCREMENT de la tabla `user_telegram_signals`
--
ALTER TABLE `user_telegram_signals`
  MODIFY `id` int(11) NOT NULL AUTO_INCREMENT, AUTO_INCREMENT=55;
COMMIT;

/*!40101 SET CHARACTER_SET_CLIENT=@OLD_CHARACTER_SET_CLIENT */;
/*!40101 SET CHARACTER_SET_RESULTS=@OLD_CHARACTER_SET_RESULTS */;
/*!40101 SET COLLATION_CONNECTION=@OLD_COLLATION_CONNECTION */;
